ID,Date,victims,month
1,1/10/2005,1,1
2,1/11/2005,1,1
3,1/12/2005,0,1
4,1/13/2005,0,1
5,1/14/2005,0,1
6,1/15/2005,1,1
7,1/16/2005,0,1
8,1/17/2005,0,1
9,1/18/2005,0,1
10,1/19/2005,0,1
11,1/20/2005,0,1
12,1/21/2005,0,1
13,1/22/2005,5,1
14,1/23/2005,0,1
15,1/24/2005,0,1
16,1/25/2005,0,1
17,1/26/2005,0,1
18,1/27/2005,0,1
19,1/28/2005,0,1
20,1/29/2005,0,1
21,1/30/2005,2,1
22,1/31/2005,1,1
23,2/1/2005,0,2
24,2/2/2005,0,2
25,2/3/2005,0,2
26,2/4/2005,0,2
27,2/5/2005,0,2
28,2/6/2005,0,2
29,2/7/2005,0,2
30,2/8/2005,0,2
31,2/9/2005,0,2
32,2/10/2005,0,2
33,2/11/2005,0,2
34,2/12/2005,0,2
35,2/13/2005,0,2
36,2/14/2005,0,2
37,2/15/2005,0,2
38,2/16/2005,0,2
39,2/17/2005,0,2
40,2/18/2005,0,2
41,2/19/2005,0,2
42,2/20/2005,1,2
43,2/21/2005,0,2
44,2/22/2005,0,2
45,2/23/2005,0,2
46,2/24/2005,0,2
47,2/25/2005,1,2
48,2/26/2005,1,2
49,2/27/2005,0,2
50,2/28/2005,0,2
51,3/1/2005,0,3
52,3/2/2005,0,3
53,3/3/2005,0,3
54,3/4/2005,0,3
55,3/5/2005,0,3
56,3/6/2005,0,3
57,3/7/2005,0,3
58,3/8/2005,0,3
59,3/9/2005,0,3
60,3/10/2005,0,3
61,3/11/2005,0,3
62,3/12/2005,0,3
63,3/13/2005,0,3
64,3/14/2005,0,3
65,3/15/2005,0,3
66,3/16/2005,0,3
67,3/17/2005,0,3
68,3/18/2005,0,3
69,3/19/2005,0,3
70,3/20/2005,0,3
71,3/21/2005,0,3
72,3/22/2005,0,3
73,3/23/2005,0,3
74,3/24/2005,0,3
75,3/25/2005,0,3
76,3/26/2005,0,3
77,3/27/2005,0,3
78,3/28/2005,0,3
79,3/29/2005,0,3
80,3/30/2005,0,3
81,3/31/2005,0,3
82,4/1/2005,0,4
83,4/2/2005,0,4
84,4/3/2005,0,4
85,4/4/2005,0,4
86,4/5/2005,1,4
87,4/6/2005,0,4
88,4/7/2005,0,4
89,4/8/2005,0,4
90,4/9/2005,0,4
91,4/10/2005,0,4
92,4/11/2005,0,4
93,4/12/2005,0,4
94,4/13/2005,0,4
95,4/14/2005,0,4
96,4/15/2005,1,4
97,4/16/2005,0,4
98,4/17/2005,0,4
99,4/18/2005,0,4
100,4/19/2005,0,4
101,4/20/2005,0,4
102,4/21/2005,0,4
103,4/22/2005,0,4
104,4/23/2005,0,4
105,4/24/2005,0,4
106,4/25/2005,0,4
107,4/26/2005,0,4
108,4/27/2005,0,4
109,4/28/2005,1,4
110,4/29/2005,0,4
111,4/30/2005,0,4
112,5/1/2005,0,5
113,5/2/2005,1,5
114,5/3/2005,0,5
115,5/4/2005,0,5
116,5/5/2005,0,5
117,5/6/2005,0,5
118,5/7/2005,0,5
119,5/8/2005,1,5
120,5/9/2005,0,5
121,5/10/2005,0,5
122,5/11/2005,0,5
123,5/12/2005,0,5
124,5/13/2005,0,5
125,5/14/2005,0,5
126,5/15/2005,0,5
127,5/16/2005,0,5
128,5/17/2005,0,5
129,5/18/2005,0,5
130,5/19/2005,0,5
131,5/20/2005,0,5
132,5/21/2005,0,5
133,5/22/2005,0,5
134,5/23/2005,0,5
135,5/24/2005,0,5
136,5/25/2005,0,5
137,5/26/2005,0,5
138,5/27/2005,0,5
139,5/28/2005,0,5
140,5/29/2005,0,5
141,5/30/2005,0,5
142,5/31/2005,0,5
143,6/1/2005,0,6
144,6/2/2005,0,6
145,6/3/2005,0,6
146,6/4/2005,0,6
147,6/5/2005,0,6
148,6/6/2005,0,6
149,6/7/2005,0,6
150,6/8/2005,0,6
151,6/9/2005,0,6
152,6/10/2005,0,6
153,6/11/2005,0,6
154,6/12/2005,0,6
155,6/13/2005,0,6
156,6/14/2005,0,6
157,6/15/2005,0,6
158,6/16/2005,0,6
159,6/17/2005,0,6
160,6/18/2005,0,6
161,6/19/2005,0,6
162,6/20/2005,0,6
163,6/21/2005,0,6
164,6/22/2005,0,6
165,6/23/2005,0,6
166,6/24/2005,0,6
167,6/25/2005,0,6
168,6/26/2005,0,6
169,6/27/2005,0,6
170,6/28/2005,0,6
171,6/29/2005,0,6
172,6/30/2005,0,6
173,7/1/2005,0,7
174,7/2/2005,0,7
175,7/3/2005,0,7
176,7/4/2005,0,7
177,7/5/2005,0,7
178,7/6/2005,0,7
179,7/7/2005,0,7
180,7/8/2005,0,7
181,7/9/2005,0,7
182,7/10/2005,0,7
183,7/11/2005,0,7
184,7/12/2005,0,7
185,7/13/2005,0,7
186,7/14/2005,0,7
187,7/15/2005,0,7
188,7/16/2005,0,7
189,7/17/2005,0,7
190,7/18/2005,1,7
191,7/19/2005,0,7
192,7/20/2005,1,7
193,7/21/2005,0,7
194,7/22/2005,0,7
195,7/23/2005,2,7
196,7/24/2005,0,7
197,7/25/2005,0,7
198,7/26/2005,0,7
199,7/27/2005,0,7
200,7/28/2005,0,7
201,7/29/2005,0,7
202,7/30/2005,0,7
203,7/31/2005,0,7
204,8/1/2005,0,8
205,8/2/2005,0,8
206,8/3/2005,0,8
207,8/4/2005,0,8
208,8/5/2005,1,8
209,8/6/2005,0,8
210,8/7/2005,0,8
211,8/8/2005,0,8
212,8/9/2005,0,8
213,8/10/2005,0,8
214,8/11/2005,0,8
215,8/12/2005,0,8
216,8/13/2005,0,8
217,8/14/2005,0,8
218,8/15/2005,0,8
219,8/16/2005,0,8
220,8/17/2005,0,8
221,8/18/2005,0,8
222,8/19/2005,0,8
223,8/20/2005,0,8
224,8/21/2005,0,8
225,8/22/2005,0,8
226,8/23/2005,0,8
227,8/24/2005,0,8
228,8/25/2005,0,8
229,8/26/2005,0,8
230,8/27/2005,0,8
231,8/28/2005,0,8
232,8/29/2005,0,8
233,8/30/2005,0,8
234,8/31/2005,0,8
235,9/1/2005,0,9
236,9/2/2005,0,9
237,9/3/2005,0,9
238,9/4/2005,0,9
239,9/5/2005,0,9
240,9/6/2005,0,9
241,9/7/2005,0,9
242,9/8/2005,0,9
243,9/9/2005,0,9
244,9/10/2005,0,9
245,9/11/2005,0,9
246,9/12/2005,0,9
247,9/13/2005,0,9
248,9/14/2005,1,9
249,9/15/2005,0,9
250,9/16/2005,0,9
251,9/17/2005,0,9
252,9/18/2005,0,9
253,9/19/2005,0,9
254,9/20/2005,0,9
255,9/21/2005,0,9
256,9/22/2005,0,9
257,9/23/2005,0,9
258,9/24/2005,0,9
259,9/25/2005,0,9
260,9/26/2005,0,9
261,9/27/2005,0,9
262,9/28/2005,0,9
263,9/29/2005,0,9
264,9/30/2005,1,9
265,10/1/2005,0,10
266,10/2/2005,0,10
267,10/3/2005,0,10
268,10/4/2005,0,10
269,10/5/2005,0,10
270,10/6/2005,0,10
271,10/7/2005,0,10
272,10/8/2005,0,10
273,10/9/2005,0,10
274,10/10/2005,0,10
275,10/11/2005,0,10
276,10/12/2005,0,10
277,10/13/2005,0,10
278,10/14/2005,1,10
279,10/15/2005,0,10
280,10/16/2005,0,10
281,10/17/2005,0,10
282,10/18/2005,0,10
283,10/19/2005,0,10
284,10/20/2005,0,10
285,10/21/2005,0,10
286,10/22/2005,0,10
287,10/23/2005,0,10
288,10/24/2005,0,10
289,10/25/2005,0,10
290,10/26/2005,0,10
291,10/27/2005,0,10
292,10/28/2005,0,10
293,10/29/2005,0,10
294,10/30/2005,0,10
295,10/31/2005,0,10
296,11/1/2005,0,11
297,11/2/2005,0,11
298,11/3/2005,0,11
299,11/4/2005,0,11
300,11/5/2005,0,11
301,11/6/2005,0,11
302,11/7/2005,0,11
303,11/8/2005,0,11
304,11/9/2005,0,11
305,11/10/2005,0,11
306,11/11/2005,1,11
307,11/12/2005,0,11
308,11/13/2005,2,11
309,11/14/2005,0,11
310,11/15/2005,0,11
311,11/16/2005,0,11
312,11/17/2005,0,11
313,11/18/2005,0,11
314,11/19/2005,0,11
315,11/20/2005,0,11
316,11/21/2005,0,11
317,11/22/2005,0,11
318,11/23/2005,0,11
319,11/24/2005,0,11
320,11/25/2005,0,11
321,11/26/2005,0,11
322,11/27/2005,0,11
323,11/28/2005,0,11
324,11/29/2005,0,11
325,11/30/2005,0,11
326,12/1/2005,0,12
327,12/2/2005,0,12
328,12/3/2005,0,12
329,12/4/2005,0,12
330,12/5/2005,0,12
331,12/6/2005,0,12
332,12/7/2005,0,12
333,12/8/2005,1,12
334,12/9/2005,1,12
335,12/10/2005,0,12
336,12/11/2005,1,12
337,12/12/2005,0,12
338,12/13/2005,0,12
339,12/14/2005,0,12
340,12/15/2005,0,12
341,12/16/2005,0,12
342,12/17/2005,0,12
343,12/18/2005,0,12
344,12/19/2005,0,12
345,12/20/2005,0,12
346,12/21/2005,0,12
347,12/22/2005,0,12
348,12/23/2005,0,12
349,12/24/2005,0,12
350,12/25/2005,0,12
351,12/26/2005,0,12
352,12/27/2005,0,12
353,12/28/2005,0,12
354,12/29/2005,0,12
355,12/30/2005,0,12
356,12/31/2005,0,12
357,1/1/2006,0,1
358,1/2/2006,0,1
359,1/3/2006,0,1
360,1/4/2006,0,1
361,1/5/2006,0,1
362,1/6/2006,0,1
363,1/7/2006,0,1
364,1/8/2006,0,1
365,1/9/2006,0,1
366,1/10/2006,0,1
367,1/11/2006,0,1
368,1/12/2006,1,1
369,1/13/2006,0,1
370,1/14/2006,0,1
371,1/15/2006,0,1
372,1/16/2006,0,1
373,1/17/2006,0,1
374,1/18/2006,0,1
375,1/19/2006,1,1
376,1/20/2006,0,1
377,1/21/2006,0,1
378,1/22/2006,0,1
379,1/23/2006,0,1
380,1/24/2006,0,1
381,1/25/2006,0,1
382,1/26/2006,0,1
383,1/27/2006,0,1
384,1/28/2006,0,1
385,1/29/2006,0,1
386,1/30/2006,0,1
387,1/31/2006,0,1
388,2/1/2006,0,2
389,2/2/2006,0,2
390,2/3/2006,0,2
391,2/4/2006,0,2
392,2/5/2006,1,2
393,2/6/2006,1,2
394,2/7/2006,0,2
395,2/8/2006,0,2
396,2/9/2006,0,2
397,2/10/2006,0,2
398,2/11/2006,0,2
399,2/12/2006,0,2
400,2/13/2006,0,2
401,2/14/2006,0,2
402,2/15/2006,0,2
403,2/16/2006,0,2
404,2/17/2006,0,2
405,2/18/2006,0,2
406,2/19/2006,0,2
407,2/20/2006,0,2
408,2/21/2006,1,2
409,2/22/2006,0,2
410,2/23/2006,0,2
411,2/24/2006,0,2
412,2/25/2006,0,2
413,2/26/2006,0,2
414,2/27/2006,0,2
415,2/28/2006,0,2
416,3/1/2006,0,3
417,3/2/2006,1,3
418,3/3/2006,0,3
419,3/4/2006,0,3
420,3/5/2006,0,3
421,3/6/2006,0,3
422,3/7/2006,0,3
423,3/8/2006,0,3
424,3/9/2006,1,3
425,3/10/2006,0,3
426,3/11/2006,0,3
427,3/12/2006,0,3
428,3/13/2006,0,3
429,3/14/2006,1,3
430,3/15/2006,0,3
431,3/16/2006,0,3
432,3/17/2006,0,3
433,3/18/2006,0,3
434,3/19/2006,0,3
435,3/20/2006,0,3
436,3/21/2006,0,3
437,3/22/2006,0,3
438,3/23/2006,0,3
439,3/24/2006,1,3
440,3/25/2006,0,3
441,3/26/2006,0,3
442,3/27/2006,0,3
443,3/28/2006,0,3
444,3/29/2006,0,3
445,3/30/2006,0,3
446,3/31/2006,0,3
447,4/1/2006,0,4
448,4/2/2006,0,4
449,4/3/2006,1,4
450,4/4/2006,0,4
451,4/5/2006,0,4
452,4/6/2006,0,4
453,4/7/2006,0,4
454,4/8/2006,0,4
455,4/9/2006,1,4
456,4/10/2006,1,4
457,4/11/2006,0,4
458,4/12/2006,0,4
459,4/13/2006,0,4
460,4/14/2006,0,4
461,4/15/2006,0,4
462,4/16/2006,0,4
463,4/17/2006,4,4
464,4/18/2006,0,4
465,4/19/2006,0,4
466,4/20/2006,0,4
467,4/21/2006,0,4
468,4/22/2006,0,4
469,4/23/2006,0,4
470,4/24/2006,0,4
471,4/25/2006,0,4
472,4/26/2006,0,4
473,4/27/2006,0,4
474,4/28/2006,0,4
475,4/29/2006,0,4
476,4/30/2006,0,4
477,5/1/2006,0,5
478,5/2/2006,0,5
479,5/3/2006,0,5
480,5/4/2006,0,5
481,5/5/2006,0,5
482,5/6/2006,0,5
483,5/7/2006,0,5
484,5/8/2006,0,5
485,5/9/2006,0,5
486,5/10/2006,0,5
487,5/11/2006,0,5
488,5/12/2006,0,5
489,5/13/2006,0,5
490,5/14/2006,0,5
491,5/15/2006,0,5
492,5/16/2006,0,5
493,5/17/2006,0,5
494,5/18/2006,0,5
495,5/19/2006,0,5
496,5/20/2006,0,5
497,5/21/2006,0,5
498,5/22/2006,0,5
499,5/23/2006,0,5
500,5/24/2006,1,5
501,5/25/2006,0,5
502,5/26/2006,0,5
503,5/27/2006,0,5
504,5/28/2006,0,5
505,5/29/2006,2,5
506,5/30/2006,0,5
507,5/31/2006,0,5
508,6/1/2006,0,6
509,6/2/2006,0,6
510,6/3/2006,0,6
511,6/4/2006,0,6
512,6/5/2006,0,6
513,6/6/2006,0,6
514,6/7/2006,0,6
515,6/8/2006,0,6
516,6/9/2006,0,6
517,6/10/2006,0,6
518,6/11/2006,0,6
519,6/12/2006,0,6
520,6/13/2006,0,6
521,6/14/2006,0,6
522,6/15/2006,2,6
523,6/16/2006,1,6
524,6/17/2006,0,6
525,6/18/2006,0,6
526,6/19/2006,0,6
527,6/20/2006,0,6
528,6/21/2006,0,6
529,6/22/2006,0,6
530,6/23/2006,0,6
531,6/24/2006,0,6
532,6/25/2006,0,6
533,6/26/2006,0,6
534,6/27/2006,0,6
535,6/28/2006,0,6
536,6/29/2006,1,6
537,6/30/2006,0,6
538,7/1/2006,0,7
539,7/2/2006,0,7
540,7/3/2006,0,7
541,7/4/2006,0,7
542,7/5/2006,0,7
543,7/6/2006,0,7
544,7/7/2006,1,7
545,7/8/2006,1,7
546,7/9/2006,0,7
547,7/10/2006,0,7
548,7/11/2006,1,7
549,7/12/2006,0,7
550,7/13/2006,1,7
551,7/14/2006,1,7
552,7/15/2006,0,7
553,7/16/2006,0,7
554,7/17/2006,0,7
555,7/18/2006,0,7
556,7/19/2006,0,7
557,7/20/2006,0,7
558,7/21/2006,0,7
559,7/22/2006,0,7
560,7/23/2006,2,7
561,7/24/2006,0,7
562,7/25/2006,0,7
563,7/26/2006,0,7
564,7/27/2006,0,7
565,7/28/2006,0,7
566,7/29/2006,0,7
567,7/30/2006,0,7
568,7/31/2006,0,7
569,8/1/2006,0,8
570,8/2/2006,0,8
571,8/3/2006,0,8
572,8/4/2006,0,8
573,8/5/2006,0,8
574,8/6/2006,0,8
575,8/7/2006,0,8
576,8/8/2006,0,8
577,8/9/2006,0,8
578,8/10/2006,0,8
579,8/11/2006,0,8
580,8/12/2006,0,8
581,8/13/2006,0,8
582,8/14/2006,0,8
583,8/15/2006,0,8
584,8/16/2006,0,8
585,8/17/2006,0,8
586,8/18/2006,1,8
587,8/19/2006,0,8
588,8/20/2006,0,8
589,8/21/2006,0,8
590,8/22/2006,1,8
591,8/23/2006,0,8
592,8/24/2006,0,8
593,8/25/2006,0,8
594,8/26/2006,0,8
595,8/27/2006,0,8
596,8/28/2006,0,8
597,8/29/2006,1,8
598,8/30/2006,1,8
599,8/31/2006,0,8
600,9/1/2006,0,9
601,9/2/2006,0,9
602,9/3/2006,0,9
603,9/4/2006,0,9
604,9/5/2006,0,9
605,9/6/2006,0,9
606,9/7/2006,0,9
607,9/8/2006,0,9
608,9/9/2006,0,9
609,9/10/2006,0,9
610,9/11/2006,0,9
611,9/12/2006,0,9
612,9/13/2006,0,9
613,9/14/2006,0,9
614,9/15/2006,0,9
615,9/16/2006,0,9
616,9/17/2006,0,9
617,9/18/2006,0,9
618,9/19/2006,0,9
619,9/20/2006,0,9
620,9/21/2006,0,9
621,9/22/2006,0,9
622,9/23/2006,0,9
623,9/24/2006,0,9
624,9/25/2006,3,9
625,9/26/2006,0,9
626,9/27/2006,0,9
627,9/28/2006,0,9
628,9/29/2006,0,9
629,9/30/2006,0,9
630,10/1/2006,0,10
631,10/2/2006,0,10
632,10/3/2006,0,10
633,10/4/2006,0,10
634,10/5/2006,0,10
635,10/6/2006,0,10
636,10/7/2006,0,10
637,10/8/2006,0,10
638,10/9/2006,0,10
639,10/10/2006,0,10
640,10/11/2006,0,10
641,10/12/2006,0,10
642,10/13/2006,0,10
643,10/14/2006,0,10
644,10/15/2006,0,10
645,10/16/2006,0,10
646,10/17/2006,0,10
647,10/18/2006,0,10
648,10/19/2006,0,10
649,10/20/2006,0,10
650,10/21/2006,0,10
651,10/22/2006,0,10
652,10/23/2006,0,10
653,10/24/2006,0,10
654,10/25/2006,0,10
655,10/26/2006,0,10
656,10/27/2006,0,10
657,10/28/2006,0,10
658,10/29/2006,0,10
659,10/30/2006,0,10
660,10/31/2006,0,10
661,11/1/2006,0,11
662,11/2/2006,0,11
663,11/3/2006,0,11
664,11/4/2006,0,11
665,11/5/2006,0,11
666,11/6/2006,0,11
667,11/7/2006,0,11
668,11/8/2006,0,11
669,11/9/2006,0,11
670,11/10/2006,0,11
671,11/11/2006,0,11
672,11/12/2006,0,11
673,11/13/2006,1,11
674,11/14/2006,0,11
675,11/15/2006,0,11
676,11/16/2006,0,11
677,11/17/2006,0,11
678,11/18/2006,1,11
679,11/19/2006,0,11
680,11/20/2006,0,11
681,11/21/2006,0,11
682,11/22/2006,0,11
683,11/23/2006,0,11
684,11/24/2006,0,11
685,11/25/2006,0,11
686,11/26/2006,0,11
687,11/27/2006,0,11
688,11/28/2006,0,11
689,11/29/2006,0,11
690,11/30/2006,0,11
691,12/1/2006,0,12
692,12/2/2006,0,12
693,12/3/2006,0,12
694,12/4/2006,0,12
695,12/5/2006,0,12
696,12/6/2006,0,12
697,12/7/2006,0,12
698,12/8/2006,0,12
699,12/9/2006,0,12
700,12/10/2006,1,12
701,12/11/2006,6,12
702,12/12/2006,0,12
703,12/13/2006,0,12
704,12/14/2006,0,12
705,12/15/2006,0,12
706,12/16/2006,0,12
707,12/17/2006,0,12
708,12/18/2006,0,12
709,12/19/2006,0,12
710,12/20/2006,0,12
711,12/21/2006,0,12
712,12/22/2006,0,12
713,12/23/2006,0,12
714,12/24/2006,0,12
715,12/25/2006,0,12
716,12/26/2006,0,12
717,12/27/2006,1,12
718,12/28/2006,0,12
719,12/29/2006,0,12
720,12/30/2006,0,12
721,12/31/2006,0,12
722,1/1/2007,0,1
723,1/2/2007,0,1
724,1/3/2007,0,1
725,1/4/2007,0,1
726,1/5/2007,0,1
727,1/6/2007,0,1
728,1/7/2007,0,1
729,1/8/2007,0,1
730,1/9/2007,0,1
731,1/10/2007,0,1
732,1/11/2007,0,1
733,1/12/2007,0,1
734,1/13/2007,0,1
735,1/14/2007,0,1
736,1/15/2007,0,1
737,1/16/2007,0,1
738,1/17/2007,0,1
739,1/18/2007,0,1
740,1/19/2007,1,1
741,1/20/2007,0,1
742,1/21/2007,0,1
743,1/22/2007,0,1
744,1/23/2007,0,1
745,1/24/2007,0,1
746,1/25/2007,0,1
747,1/26/2007,0,1
748,1/27/2007,0,1
749,1/28/2007,0,1
750,1/29/2007,1,1
751,1/30/2007,0,1
752,1/31/2007,0,1
753,2/1/2007,0,2
754,2/2/2007,0,2
755,2/3/2007,1,2
756,2/4/2007,1,2
757,2/5/2007,0,2
758,2/6/2007,0,2
759,2/7/2007,0,2
760,2/8/2007,0,2
761,2/9/2007,0,2
762,2/10/2007,0,2
763,2/11/2007,0,2
764,2/12/2007,0,2
765,2/13/2007,0,2
766,2/14/2007,0,2
767,2/15/2007,1,2
768,2/16/2007,0,2
769,2/17/2007,0,2
770,2/18/2007,0,2
771,2/19/2007,0,2
772,2/20/2007,0,2
773,2/21/2007,0,2
774,2/22/2007,0,2
775,2/23/2007,1,2
776,2/24/2007,3,2
777,2/25/2007,0,2
778,2/26/2007,0,2
779,2/27/2007,0,2
780,2/28/2007,0,2
781,3/1/2007,0,3
782,3/2/2007,0,3
783,3/3/2007,0,3
784,3/4/2007,0,3
785,3/5/2007,0,3
786,3/6/2007,0,3
787,3/7/2007,0,3
788,3/8/2007,0,3
789,3/9/2007,0,3
790,3/10/2007,0,3
791,3/11/2007,0,3
792,3/12/2007,0,3
793,3/13/2007,1,3
794,3/14/2007,0,3
795,3/15/2007,0,3
796,3/16/2007,0,3
797,3/17/2007,0,3
798,3/18/2007,0,3
799,3/19/2007,0,3
800,3/20/2007,0,3
801,3/21/2007,0,3
802,3/22/2007,0,3
803,3/23/2007,0,3
804,3/24/2007,0,3
805,3/25/2007,0,3
806,3/26/2007,0,3
807,3/27/2007,0,3
808,3/28/2007,0,3
809,3/29/2007,0,3
810,3/30/2007,0,3
811,3/31/2007,0,3
812,4/1/2007,0,4
813,4/2/2007,0,4
814,4/3/2007,0,4
815,4/4/2007,0,4
816,4/5/2007,0,4
817,4/6/2007,0,4
818,4/7/2007,0,4
819,4/8/2007,0,4
820,4/9/2007,0,4
821,4/10/2007,0,4
822,4/11/2007,0,4
823,4/12/2007,0,4
824,4/13/2007,0,4
825,4/14/2007,0,4
826,4/15/2007,0,4
827,4/16/2007,0,4
828,4/17/2007,0,4
829,4/18/2007,0,4
830,4/19/2007,0,4
831,4/20/2007,1,4
832,4/21/2007,0,4
833,4/22/2007,0,4
834,4/23/2007,0,4
835,4/24/2007,0,4
836,4/25/2007,0,4
837,4/26/2007,0,4
838,4/27/2007,0,4
839,4/28/2007,0,4
840,4/29/2007,0,4
841,4/30/2007,0,4
842,5/1/2007,0,5
843,5/2/2007,0,5
844,5/3/2007,0,5
845,5/4/2007,0,5
846,5/5/2007,0,5
847,5/6/2007,0,5
848,5/7/2007,0,5
849,5/8/2007,0,5
850,5/9/2007,0,5
851,5/10/2007,0,5
852,5/11/2007,0,5
853,5/12/2007,0,5
854,5/13/2007,0,5
855,5/14/2007,0,5
856,5/15/2007,0,5
857,5/16/2007,0,5
858,5/17/2007,0,5
859,5/18/2007,1,5
860,5/19/2007,0,5
861,5/20/2007,0,5
862,5/21/2007,0,5
863,5/22/2007,0,5
864,5/23/2007,0,5
865,5/24/2007,1,5
866,5/25/2007,1,5
867,5/26/2007,0,5
868,5/27/2007,0,5
869,5/28/2007,0,5
870,5/29/2007,0,5
871,5/30/2007,0,5
872,5/31/2007,0,5
873,6/1/2007,0,6
874,6/2/2007,0,6
875,6/3/2007,0,6
876,6/4/2007,0,6
877,6/5/2007,1,6
878,6/6/2007,0,6
879,6/7/2007,0,6
880,6/8/2007,0,6
881,6/9/2007,0,6
882,6/10/2007,0,6
883,6/11/2007,0,6
884,6/12/2007,0,6
885,6/13/2007,1,6
886,6/14/2007,0,6
887,6/15/2007,1,6
888,6/16/2007,0,6
889,6/17/2007,0,6
890,6/18/2007,0,6
891,6/19/2007,0,6
892,6/20/2007,0,6
893,6/21/2007,0,6
894,6/22/2007,0,6
895,6/23/2007,1,6
896,6/24/2007,0,6
897,6/25/2007,0,6
898,6/26/2007,0,6
899,6/27/2007,0,6
900,6/28/2007,0,6
901,6/29/2007,0,6
902,6/30/2007,0,6
903,7/1/2007,0,7
904,7/2/2007,0,7
905,7/3/2007,0,7
906,7/4/2007,0,7
907,7/5/2007,0,7
908,7/6/2007,0,7
909,7/7/2007,0,7
910,7/8/2007,0,7
911,7/9/2007,0,7
912,7/10/2007,0,7
913,7/11/2007,2,7
914,7/12/2007,0,7
915,7/13/2007,0,7
916,7/14/2007,0,7
917,7/15/2007,0,7
918,7/16/2007,0,7
919,7/17/2007,0,7
920,7/18/2007,0,7
921,7/19/2007,0,7
922,7/20/2007,0,7
923,7/21/2007,0,7
924,7/22/2007,0,7
925,7/23/2007,0,7
926,7/24/2007,0,7
927,7/25/2007,0,7
928,7/26/2007,0,7
929,7/27/2007,0,7
930,7/28/2007,0,7
931,7/29/2007,0,7
932,7/30/2007,0,7
933,7/31/2007,0,7
934,8/1/2007,0,8
935,8/2/2007,0,8
936,8/3/2007,0,8
937,8/4/2007,1,8
938,8/5/2007,0,8
939,8/6/2007,0,8
940,8/7/2007,0,8
941,8/8/2007,0,8
942,8/9/2007,0,8
943,8/10/2007,0,8
944,8/11/2007,0,8
945,8/12/2007,0,8
946,8/13/2007,0,8
947,8/14/2007,0,8
948,8/15/2007,0,8
949,8/16/2007,0,8
950,8/17/2007,0,8
951,8/18/2007,0,8
952,8/19/2007,0,8
953,8/20/2007,0,8
954,8/21/2007,0,8
955,8/22/2007,0,8
956,8/23/2007,0,8
957,8/24/2007,0,8
958,8/25/2007,0,8
959,8/26/2007,0,8
960,8/27/2007,0,8
961,8/28/2007,0,8
962,8/29/2007,0,8
963,8/30/2007,0,8
964,8/31/2007,0,8
965,9/1/2007,0,9
966,9/2/2007,0,9
967,9/3/2007,0,9
968,9/4/2007,0,9
969,9/5/2007,0,9
970,9/6/2007,0,9
971,9/7/2007,0,9
972,9/8/2007,0,9
973,9/9/2007,0,9
974,9/10/2007,0,9
975,9/11/2007,0,9
976,9/12/2007,0,9
977,9/13/2007,0,9
978,9/14/2007,0,9
979,9/15/2007,0,9
980,9/16/2007,0,9
981,9/17/2007,0,9
982,9/18/2007,0,9
983,9/19/2007,0,9
984,9/20/2007,0,9
985,9/21/2007,0,9
986,9/22/2007,0,9
987,9/23/2007,0,9
988,9/24/2007,0,9
989,9/25/2007,0,9
990,9/26/2007,0,9
991,9/27/2007,0,9
992,9/28/2007,0,9
993,9/29/2007,0,9
994,9/30/2007,0,9
995,10/1/2007,0,10
996,10/2/2007,0,10
997,10/3/2007,0,10
998,10/4/2007,0,10
999,10/5/2007,0,10
1000,10/6/2007,0,10
1001,10/7/2007,0,10
1002,10/8/2007,0,10
1003,10/9/2007,0,10
1004,10/10/2007,0,10
1005,10/11/2007,0,10
1006,10/12/2007,0,10
1007,10/13/2007,0,10
1008,10/14/2007,0,10
1009,10/15/2007,0,10
1010,10/16/2007,0,10
1011,10/17/2007,0,10
1012,10/18/2007,0,10
1013,10/19/2007,0,10
1014,10/20/2007,0,10
1015,10/21/2007,0,10
1016,10/22/2007,0,10
1017,10/23/2007,0,10
1018,10/24/2007,0,10
1019,10/25/2007,0,10
1020,10/26/2007,0,10
1021,10/27/2007,0,10
1022,10/28/2007,0,10
1023,10/29/2007,0,10
1024,10/30/2007,0,10
1025,10/31/2007,0,10
1026,11/1/2007,0,11
1027,11/2/2007,0,11
1028,11/3/2007,0,11
1029,11/4/2007,0,11
1030,11/5/2007,0,11
1031,11/6/2007,0,11
1032,11/7/2007,0,11
1033,11/8/2007,0,11
1034,11/9/2007,0,11
1035,11/10/2007,0,11
1036,11/11/2007,0,11
1037,11/12/2007,0,11
1038,11/13/2007,0,11
1039,11/14/2007,0,11
1040,11/15/2007,0,11
1041,11/16/2007,0,11
1042,11/17/2007,0,11
1043,11/18/2007,0,11
1044,11/19/2007,0,11
1045,11/20/2007,0,11
1046,11/21/2007,0,11
1047,11/22/2007,0,11
1048,11/23/2007,0,11
1049,11/24/2007,0,11
1050,11/25/2007,0,11
1051,11/26/2007,0,11
1052,11/27/2007,0,11
1053,11/28/2007,0,11
1054,11/29/2007,0,11
1055,11/30/2007,0,11
1056,12/1/2007,0,12
1057,12/2/2007,0,12
1058,12/3/2007,0,12
1059,12/4/2007,0,12
1060,12/5/2007,0,12
1061,12/6/2007,0,12
1062,12/7/2007,0,12
1063,12/8/2007,0,12
1064,12/9/2007,0,12
1065,12/10/2007,0,12
1066,12/11/2007,0,12
1067,12/12/2007,0,12
1068,12/13/2007,0,12
1069,12/14/2007,0,12
1070,12/15/2007,0,12
1071,12/16/2007,0,12
1072,12/17/2007,0,12
1073,12/18/2007,0,12
1074,12/19/2007,0,12
1075,12/20/2007,0,12
1076,12/21/2007,0,12
1077,12/22/2007,0,12
1078,12/23/2007,0,12
1079,12/24/2007,0,12
1080,12/25/2007,0,12
1081,12/26/2007,0,12
1082,12/27/2007,0,12
1083,12/28/2007,0,12
1084,12/29/2007,0,12
1085,12/30/2007,0,12
1086,12/31/2007,1,12
1087,1/1/2008,0,1
1088,1/2/2008,0,1
1089,1/3/2008,0,1
1090,1/4/2008,0,1
1091,1/5/2008,0,1
1092,1/6/2008,0,1
1093,1/7/2008,0,1
1094,1/8/2008,0,1
1095,1/9/2008,0,1
1096,1/10/2008,0,1
1097,1/11/2008,0,1
1098,1/12/2008,0,1
1099,1/13/2008,0,1
1100,1/14/2008,0,1
1101,1/15/2008,1,1
1102,1/16/2008,0,1
1103,1/17/2008,0,1
1104,1/18/2008,0,1
1105,1/19/2008,0,1
1106,1/20/2008,0,1
1107,1/21/2008,1,1
1108,1/22/2008,0,1
1109,1/23/2008,0,1
1110,1/24/2008,0,1
1111,1/25/2008,1,1
1112,1/26/2008,1,1
1113,1/27/2008,0,1
1114,1/28/2008,0,1
1115,1/29/2008,0,1
1116,1/30/2008,0,1
1117,1/31/2008,0,1
1118,2/1/2008,0,2
1119,2/2/2008,0,2
1120,2/3/2008,0,2
1121,2/4/2008,0,2
1122,2/5/2008,0,2
1123,2/6/2008,0,2
1124,2/7/2008,0,2
1125,2/8/2008,0,2
1126,2/9/2008,0,2
1127,2/10/2008,0,2
1128,2/11/2008,0,2
1129,2/12/2008,0,2
1130,2/13/2008,0,2
1131,2/14/2008,0,2
1132,2/15/2008,0,2
1133,2/16/2008,0,2
1134,2/17/2008,0,2
1135,2/18/2008,0,2
1136,2/19/2008,0,2
1137,2/20/2008,0,2
1138,2/21/2008,0,2
1139,2/22/2008,0,2
1140,2/23/2008,0,2
1141,2/24/2008,0,2
1142,2/25/2008,0,2
1143,2/26/2008,0,2
1144,2/27/2008,0,2
1145,2/28/2008,0,2
1146,2/29/2008,0,2
1147,3/1/2008,0,3
1148,3/2/2008,0,3
1149,3/3/2008,0,3
1150,3/4/2008,0,3
1151,3/5/2008,0,3
1152,3/6/2008,0,3
1153,3/7/2008,0,3
1154,3/8/2008,1,3
1155,3/9/2008,0,3
1156,3/10/2008,0,3
1157,3/11/2008,1,3
1158,3/12/2008,0,3
1159,3/13/2008,0,3
1160,3/14/2008,0,3
1161,3/15/2008,0,3
1162,3/16/2008,0,3
1163,3/17/2008,0,3
1164,3/18/2008,0,3
1165,3/19/2008,0,3
1166,3/20/2008,0,3
1167,3/21/2008,0,3
1168,3/22/2008,0,3
1169,3/23/2008,0,3
1170,3/24/2008,0,3
1171,3/25/2008,0,3
1172,3/26/2008,0,3
1173,3/27/2008,0,3
1174,3/28/2008,0,3
1175,3/29/2008,0,3
1176,3/30/2008,0,3
1177,3/31/2008,0,3
1178,4/1/2008,0,4
1179,4/2/2008,0,4
1180,4/3/2008,0,4
1181,4/4/2008,0,4
1182,4/5/2008,0,4
1183,4/6/2008,1,4
1184,4/7/2008,0,4
1185,4/8/2008,0,4
1186,4/9/2008,0,4
1187,4/10/2008,0,4
1188,4/11/2008,0,4
1189,4/12/2008,0,4
1190,4/13/2008,0,4
1191,4/14/2008,0,4
1192,4/15/2008,0,4
1193,4/16/2008,0,4
1194,4/17/2008,0,4
1195,4/18/2008,0,4
1196,4/19/2008,0,4
1197,4/20/2008,0,4
1198,4/21/2008,0,4
1199,4/22/2008,0,4
1200,4/23/2008,0,4
1201,4/24/2008,0,4
1202,4/25/2008,2,4
1203,4/26/2008,0,4
1204,4/27/2008,0,4
1205,4/28/2008,0,4
1206,4/29/2008,0,4
1207,4/30/2008,0,4
1208,5/1/2008,0,5
1209,5/2/2008,0,5
1210,5/3/2008,0,5
1211,5/4/2008,0,5
1212,5/5/2008,0,5
1213,5/6/2008,1,5
1214,5/7/2008,0,5
1215,5/8/2008,0,5
1216,5/9/2008,0,5
1217,5/10/2008,0,5
1218,5/11/2008,0,5
1219,5/12/2008,0,5
1220,5/13/2008,0,5
1221,5/14/2008,0,5
1222,5/15/2008,0,5
1223,5/16/2008,0,5
1224,5/17/2008,0,5
1225,5/18/2008,0,5
1226,5/19/2008,0,5
1227,5/20/2008,0,5
1228,5/21/2008,0,5
1229,5/22/2008,0,5
1230,5/23/2008,0,5
1231,5/24/2008,0,5
1232,5/25/2008,0,5
1233,5/26/2008,0,5
1234,5/27/2008,0,5
1235,5/28/2008,1,5
1236,5/29/2008,0,5
1237,5/30/2008,0,5
1238,5/31/2008,0,5
1239,6/1/2008,0,6
1240,6/2/2008,0,6
1241,6/3/2008,0,6
1242,6/4/2008,0,6
1243,6/5/2008,0,6
1244,6/6/2008,0,6
1245,6/7/2008,0,6
1246,6/8/2008,0,6
1247,6/9/2008,1,6
1248,6/10/2008,0,6
1249,6/11/2008,0,6
1250,6/12/2008,0,6
1251,6/13/2008,1,6
1252,6/14/2008,0,6
1253,6/15/2008,0,6
1254,6/16/2008,0,6
1255,6/17/2008,0,6
1256,6/18/2008,0,6
1257,6/19/2008,0,6
1258,6/20/2008,0,6
1259,6/21/2008,0,6
1260,6/22/2008,0,6
1261,6/23/2008,0,6
1262,6/24/2008,0,6
1263,6/25/2008,0,6
1264,6/26/2008,0,6
1265,6/27/2008,0,6
1266,6/28/2008,0,6
1267,6/29/2008,0,6
1268,6/30/2008,0,6
1269,7/1/2008,1,7
1270,7/2/2008,0,7
1271,7/3/2008,0,7
1272,7/4/2008,1,7
1273,7/5/2008,0,7
1274,7/6/2008,0,7
1275,7/7/2008,0,7
1276,7/8/2008,0,7
1277,7/9/2008,0,7
1278,7/10/2008,0,7
1279,7/11/2008,0,7
1280,7/12/2008,0,7
1281,7/13/2008,0,7
1282,7/14/2008,0,7
1283,7/15/2008,0,7
1284,7/16/2008,0,7
1285,7/17/2008,0,7
1286,7/18/2008,0,7
1287,7/19/2008,0,7
1288,7/20/2008,1,7
1289,7/21/2008,0,7
1290,7/22/2008,0,7
1291,7/23/2008,0,7
1292,7/24/2008,0,7
1293,7/25/2008,0,7
1294,7/26/2008,0,7
1295,7/27/2008,1,7
1296,7/28/2008,0,7
1297,7/29/2008,0,7
1298,7/30/2008,0,7
1299,7/31/2008,0,7
1300,8/1/2008,1,8
1301,8/2/2008,0,8
1302,8/3/2008,0,8
1303,8/4/2008,0,8
1304,8/5/2008,0,8
1305,8/6/2008,0,8
1306,8/7/2008,0,8
1307,8/8/2008,0,8
1308,8/9/2008,0,8
1309,8/10/2008,0,8
1310,8/11/2008,0,8
1311,8/12/2008,0,8
1312,8/13/2008,0,8
1313,8/14/2008,0,8
1314,8/15/2008,0,8
1315,8/16/2008,0,8
1316,8/17/2008,0,8
1317,8/18/2008,0,8
1318,8/19/2008,0,8
1319,8/20/2008,0,8
1320,8/21/2008,1,8
1321,8/22/2008,0,8
1322,8/23/2008,0,8
1323,8/24/2008,0,8
1324,8/25/2008,0,8
1325,8/26/2008,0,8
1326,8/27/2008,0,8
1327,8/28/2008,0,8
1328,8/29/2008,0,8
1329,8/30/2008,0,8
1330,8/31/2008,0,8
1331,9/1/2008,0,9
1332,9/2/2008,0,9
1333,9/3/2008,0,9
1334,9/4/2008,0,9
1335,9/5/2008,0,9
1336,9/6/2008,0,9
1337,9/7/2008,0,9
1338,9/8/2008,0,9
1339,9/9/2008,0,9
1340,9/10/2008,0,9
1341,9/11/2008,0,9
1342,9/12/2008,1,9
1343,9/13/2008,0,9
1344,9/14/2008,0,9
1345,9/15/2008,0,9
1346,9/16/2008,0,9
1347,9/17/2008,0,9
1348,9/18/2008,0,9
1349,9/19/2008,0,9
1350,9/20/2008,1,9
1351,9/21/2008,0,9
1352,9/22/2008,0,9
1353,9/23/2008,2,9
1354,9/24/2008,0,9
1355,9/25/2008,0,9
1356,9/26/2008,0,9
1357,9/27/2008,0,9
1358,9/28/2008,0,9
1359,9/29/2008,0,9
1360,9/30/2008,0,9
1361,10/1/2008,0,10
1362,10/2/2008,0,10
1363,10/3/2008,0,10
1364,10/4/2008,3,10
1365,10/5/2008,0,10
1366,10/6/2008,0,10
1367,10/7/2008,0,10
1368,10/8/2008,0,10
1369,10/9/2008,0,10
1370,10/10/2008,0,10
1371,10/11/2008,0,10
1372,10/12/2008,0,10
1373,10/13/2008,0,10
1374,10/14/2008,0,10
1375,10/15/2008,0,10
1376,10/16/2008,0,10
1377,10/17/2008,0,10
1378,10/18/2008,0,10
1379,10/19/2008,0,10
1380,10/20/2008,0,10
1381,10/21/2008,0,10
1382,10/22/2008,0,10
1383,10/23/2008,0,10
1384,10/24/2008,0,10
1385,10/25/2008,0,10
1386,10/26/2008,0,10
1387,10/27/2008,0,10
1388,10/28/2008,0,10
1389,10/29/2008,0,10
1390,10/30/2008,0,10
1391,10/31/2008,0,10
1392,11/1/2008,0,11
1393,11/2/2008,0,11
1394,11/3/2008,0,11
1395,11/4/2008,0,11
1396,11/5/2008,0,11
1397,11/6/2008,0,11
1398,11/7/2008,0,11
1399,11/8/2008,0,11
1400,11/9/2008,0,11
1401,11/10/2008,0,11
1402,11/11/2008,0,11
1403,11/12/2008,0,11
1404,11/13/2008,0,11
1405,11/14/2008,0,11
1406,11/15/2008,0,11
1407,11/16/2008,0,11
1408,11/17/2008,0,11
1409,11/18/2008,0,11
1410,11/19/2008,0,11
1411,11/20/2008,0,11
1412,11/21/2008,0,11
1413,11/22/2008,0,11
1414,11/23/2008,0,11
1415,11/24/2008,0,11
1416,11/25/2008,0,11
1417,11/26/2008,0,11
1418,11/27/2008,0,11
1419,11/28/2008,0,11
1420,11/29/2008,0,11
1421,11/30/2008,0,11
1422,12/1/2008,0,12
1423,12/2/2008,0,12
1424,12/3/2008,1,12
1425,12/4/2008,0,12
1426,12/5/2008,0,12
1427,12/6/2008,0,12
1428,12/7/2008,0,12
1429,12/8/2008,0,12
1430,12/9/2008,0,12
1431,12/10/2008,0,12
1432,12/11/2008,0,12
1433,12/12/2008,0,12
1434,12/13/2008,0,12
1435,12/14/2008,0,12
1436,12/15/2008,0,12
1437,12/16/2008,0,12
1438,12/17/2008,0,12
1439,12/18/2008,2,12
1440,12/19/2008,0,12
1441,12/20/2008,0,12
1442,12/21/2008,0,12
1443,12/22/2008,0,12
1444,12/23/2008,0,12
1445,12/24/2008,0,12
1446,12/25/2008,0,12
1447,12/26/2008,0,12
1448,12/27/2008,0,12
1449,12/28/2008,0,12
1450,12/29/2008,0,12
1451,12/30/2008,0,12
1452,12/31/2008,0,12
1453,1/1/2009,0,1
1454,1/2/2009,1,1
1455,1/3/2009,0,1
1456,1/4/2009,0,1
1457,1/5/2009,1,1
1458,1/6/2009,0,1
1459,1/7/2009,0,1
1460,1/8/2009,1,1
1461,1/9/2009,0,1
1462,1/10/2009,0,1
1463,1/11/2009,0,1
1464,1/12/2009,0,1
1465,1/13/2009,0,1
1466,1/14/2009,0,1
1467,1/15/2009,0,1
1468,1/16/2009,0,1
1469,1/17/2009,0,1
1470,1/18/2009,0,1
1471,1/19/2009,0,1
1472,1/20/2009,0,1
1473,1/21/2009,2,1
1474,1/22/2009,0,1
1475,1/23/2009,0,1
1476,1/24/2009,1,1
1477,1/25/2009,0,1
1478,1/26/2009,0,1
1479,1/27/2009,0,1
1480,1/28/2009,0,1
1481,1/29/2009,0,1
1482,1/30/2009,0,1
1483,1/31/2009,0,1
1484,2/1/2009,2,2
1485,2/2/2009,0,2
1486,2/3/2009,0,2
1487,2/4/2009,0,2
1488,2/5/2009,0,2
1489,2/6/2009,0,2
1490,2/7/2009,0,2
1491,2/8/2009,0,2
1492,2/9/2009,0,2
1493,2/10/2009,0,2
1494,2/11/2009,0,2
1495,2/12/2009,0,2
1496,2/13/2009,0,2
1497,2/14/2009,0,2
1498,2/15/2009,0,2
1499,2/16/2009,0,2
1500,2/17/2009,0,2
1501,2/18/2009,0,2
1502,2/19/2009,0,2
1503,2/20/2009,0,2
1504,2/21/2009,0,2
1505,2/22/2009,0,2
1506,2/23/2009,0,2
1507,2/24/2009,0,2
1508,2/25/2009,0,2
1509,2/26/2009,0,2
1510,2/27/2009,0,2
1511,2/28/2009,0,2
1512,3/1/2009,0,3
1513,3/2/2009,0,3
1514,3/3/2009,0,3
1515,3/4/2009,0,3
1516,3/5/2009,0,3
1517,3/6/2009,0,3
1518,3/7/2009,0,3
1519,3/8/2009,0,3
1520,3/9/2009,0,3
1521,3/10/2009,0,3
1522,3/11/2009,1,3
1523,3/12/2009,0,3
1524,3/13/2009,0,3
1525,3/14/2009,0,3
1526,3/15/2009,0,3
1527,3/16/2009,0,3
1528,3/17/2009,0,3
1529,3/18/2009,0,3
1530,3/19/2009,0,3
1531,3/20/2009,0,3
1532,3/21/2009,0,3
1533,3/22/2009,0,3
1534,3/23/2009,0,3
1535,3/24/2009,0,3
1536,3/25/2009,0,3
1537,3/26/2009,0,3
1538,3/27/2009,0,3
1539,3/28/2009,0,3
1540,3/29/2009,0,3
1541,3/30/2009,0,3
1542,3/31/2009,0,3
1543,4/1/2009,0,4
1544,4/2/2009,0,4
1545,4/3/2009,0,4
1546,4/4/2009,0,4
1547,4/5/2009,0,4
1548,4/6/2009,0,4
1549,4/7/2009,0,4
1550,4/8/2009,0,4
1551,4/9/2009,0,4
1552,4/10/2009,0,4
1553,4/11/2009,0,4
1554,4/12/2009,0,4
1555,4/13/2009,0,4
1556,4/14/2009,0,4
1557,4/15/2009,0,4
1558,4/16/2009,0,4
1559,4/17/2009,0,4
1560,4/18/2009,0,4
1561,4/19/2009,0,4
1562,4/20/2009,0,4
1563,4/21/2009,0,4
1564,4/22/2009,0,4
1565,4/23/2009,0,4
1566,4/24/2009,0,4
1567,4/25/2009,0,4
1568,4/26/2009,0,4
1569,4/27/2009,0,4
1570,4/28/2009,0,4
1571,4/29/2009,0,4
1572,4/30/2009,0,4
1573,5/1/2009,0,5
1574,5/2/2009,0,5
1575,5/3/2009,0,5
1576,5/4/2009,0,5
1577,5/5/2009,0,5
1578,5/6/2009,0,5
1579,5/7/2009,0,5
1580,5/8/2009,0,5
1581,5/9/2009,0,5
1582,5/10/2009,0,5
1583,5/11/2009,0,5
1584,5/12/2009,0,5
1585,5/13/2009,3,5
1586,5/14/2009,0,5
1587,5/15/2009,0,5
1588,5/16/2009,0,5
1589,5/17/2009,1,5
1590,5/18/2009,0,5
1591,5/19/2009,0,5
1592,5/20/2009,0,5
1593,5/21/2009,0,5
1594,5/22/2009,0,5
1595,5/23/2009,0,5
1596,5/24/2009,0,5
1597,5/25/2009,0,5
1598,5/26/2009,1,5
1599,5/27/2009,0,5
1600,5/28/2009,0,5
1601,5/29/2009,0,5
1602,5/30/2009,0,5
1603,5/31/2009,0,5
1604,6/1/2009,0,6
1605,6/2/2009,0,6
1606,6/3/2009,0,6
1607,6/4/2009,0,6
1608,6/5/2009,1,6
1609,6/6/2009,0,6
1610,6/7/2009,0,6
1611,6/8/2009,0,6
1612,6/9/2009,0,6
1613,6/10/2009,0,6
1614,6/11/2009,2,6
1615,6/12/2009,0,6
1616,6/13/2009,0,6
1617,6/14/2009,0,6
1618,6/15/2009,0,6
1619,6/16/2009,0,6
1620,6/17/2009,0,6
1621,6/18/2009,0,6
1622,6/19/2009,0,6
1623,6/20/2009,0,6
1624,6/21/2009,0,6
1625,6/22/2009,0,6
1626,6/23/2009,0,6
1627,6/24/2009,1,6
1628,6/25/2009,0,6
1629,6/26/2009,0,6
1630,6/27/2009,0,6
1631,6/28/2009,0,6
1632,6/29/2009,0,6
1633,6/30/2009,0,6
1634,7/1/2009,0,7
1635,7/2/2009,0,7
1636,7/3/2009,0,7
1637,7/4/2009,9,7
1638,7/5/2009,0,7
1639,7/6/2009,0,7
1640,7/7/2009,0,7
1641,7/8/2009,0,7
1642,7/9/2009,1,7
1643,7/10/2009,0,7
1644,7/11/2009,0,7
1645,7/12/2009,0,7
1646,7/13/2009,0,7
1647,7/14/2009,0,7
1648,7/15/2009,0,7
1649,7/16/2009,0,7
1650,7/17/2009,0,7
1651,7/18/2009,0,7
1652,7/19/2009,0,7
1653,7/20/2009,0,7
1654,7/21/2009,0,7
1655,7/22/2009,0,7
1656,7/23/2009,0,7
1657,7/24/2009,0,7
1658,7/25/2009,0,7
1659,7/26/2009,0,7
1660,7/27/2009,0,7
1661,7/28/2009,0,7
1662,7/29/2009,0,7
1663,7/30/2009,0,7
1664,7/31/2009,0,7
1665,8/1/2009,1,8
1666,8/2/2009,0,8
1667,8/3/2009,0,8
1668,8/4/2009,0,8
1669,8/5/2009,0,8
1670,8/6/2009,0,8
1671,8/7/2009,0,8
1672,8/8/2009,0,8
1673,8/9/2009,0,8
1674,8/10/2009,0,8
1675,8/11/2009,0,8
1676,8/12/2009,0,8
1677,8/13/2009,0,8
1678,8/14/2009,0,8
1679,8/15/2009,0,8
1680,8/16/2009,0,8
1681,8/17/2009,0,8
1682,8/18/2009,0,8
1683,8/19/2009,0,8
1684,8/20/2009,0,8
1685,8/21/2009,0,8
1686,8/22/2009,0,8
1687,8/23/2009,0,8
1688,8/24/2009,0,8
1689,8/25/2009,0,8
1690,8/26/2009,0,8
1691,8/27/2009,0,8
1692,8/28/2009,0,8
1693,8/29/2009,0,8
1694,8/30/2009,0,8
1695,8/31/2009,0,8
1696,9/1/2009,0,9
1697,9/2/2009,1,9
1698,9/3/2009,0,9
1699,9/4/2009,0,9
1700,9/5/2009,0,9
1701,9/6/2009,0,9
1702,9/7/2009,0,9
1703,9/8/2009,0,9
1704,9/9/2009,0,9
1705,9/10/2009,0,9
1706,9/11/2009,0,9
1707,9/12/2009,0,9
1708,9/13/2009,0,9
1709,9/14/2009,1,9
1710,9/15/2009,0,9
1711,9/16/2009,0,9
1712,9/17/2009,0,9
1713,9/18/2009,0,9
1714,9/19/2009,0,9
1715,9/20/2009,0,9
1716,9/21/2009,0,9
1717,9/22/2009,2,9
1718,9/23/2009,0,9
1719,9/24/2009,0,9
1720,9/25/2009,0,9
1721,9/26/2009,0,9
1722,9/27/2009,0,9
1723,9/28/2009,0,9
1724,9/29/2009,0,9
1725,9/30/2009,0,9
1726,10/1/2009,0,10
1727,10/2/2009,0,10
1728,10/3/2009,0,10
1729,10/4/2009,0,10
1730,10/5/2009,0,10
1731,10/6/2009,0,10
1732,10/7/2009,0,10
1733,10/8/2009,1,10
1734,10/9/2009,0,10
1735,10/10/2009,0,10
1736,10/11/2009,0,10
1737,10/12/2009,0,10
1738,10/13/2009,0,10
1739,10/14/2009,0,10
1740,10/15/2009,0,10
1741,10/16/2009,0,10
1742,10/17/2009,0,10
1743,10/18/2009,0,10
1744,10/19/2009,0,10
1745,10/20/2009,0,10
1746,10/21/2009,1,10
1747,10/22/2009,0,10
1748,10/23/2009,0,10
1749,10/24/2009,1,10
1750,10/25/2009,0,10
1751,10/26/2009,0,10
1752,10/27/2009,0,10
1753,10/28/2009,0,10
1754,10/29/2009,0,10
1755,10/30/2009,0,10
1756,10/31/2009,0,10
1757,11/1/2009,0,11
1758,11/2/2009,0,11
1759,11/3/2009,0,11
1760,11/4/2009,0,11
1761,11/5/2009,0,11
1762,11/6/2009,0,11
1763,11/7/2009,0,11
1764,11/8/2009,0,11
1765,11/9/2009,0,11
1766,11/10/2009,1,11
1767,11/11/2009,0,11
1768,11/12/2009,0,11
1769,11/13/2009,0,11
1770,11/14/2009,0,11
1771,11/15/2009,0,11
1772,11/16/2009,0,11
1773,11/17/2009,0,11
1774,11/18/2009,0,11
1775,11/19/2009,0,11
1776,11/20/2009,0,11
1777,11/21/2009,0,11
1778,11/22/2009,0,11
1779,11/23/2009,0,11
1780,11/24/2009,0,11
1781,11/25/2009,0,11
1782,11/26/2009,0,11
1783,11/27/2009,0,11
1784,11/28/2009,0,11
1785,11/29/2009,0,11
1786,11/30/2009,0,11
1787,12/1/2009,0,12
1788,12/2/2009,0,12
1789,12/3/2009,0,12
1790,12/4/2009,0,12
1791,12/5/2009,0,12
1792,12/6/2009,0,12
1793,12/7/2009,0,12
1794,12/8/2009,0,12
1795,12/9/2009,0,12
1796,12/10/2009,0,12
1797,12/11/2009,0,12
1798,12/12/2009,0,12
1799,12/13/2009,1,12
1800,12/14/2009,0,12
1801,12/15/2009,0,12
1802,12/16/2009,0,12
1803,12/17/2009,0,12
1804,12/18/2009,0,12
1805,12/19/2009,0,12
1806,12/20/2009,0,12
1807,12/21/2009,0,12
1808,12/22/2009,2,12
1809,12/23/2009,0,12
1810,12/24/2009,0,12
1811,12/25/2009,0,12
1812,12/26/2009,0,12
1813,12/27/2009,0,12
1814,12/28/2009,0,12
1815,12/29/2009,0,12
1816,12/30/2009,0,12
1817,12/31/2009,0,12
1818,1/1/2010,0,1
1819,1/2/2010,0,1
1820,1/3/2010,0,1
1821,1/4/2010,0,1
1822,1/5/2010,0,1
1823,1/6/2010,0,1
1824,1/7/2010,0,1
1825,1/8/2010,0,1
1826,1/9/2010,0,1
1827,1/10/2010,0,1
1828,1/11/2010,0,1
1829,1/12/2010,0,1
1830,1/13/2010,1,1
1831,1/14/2010,0,1
1832,1/15/2010,0,1
1833,1/16/2010,0,1
1834,1/17/2010,0,1
1835,1/18/2010,0,1
1836,1/19/2010,0,1
1837,1/20/2010,0,1
1838,1/21/2010,0,1
1839,1/22/2010,0,1
1840,1/23/2010,0,1
1841,1/24/2010,0,1
1842,1/25/2010,0,1
1843,1/26/2010,0,1
1844,1/27/2010,0,1
1845,1/28/2010,0,1
1846,1/29/2010,0,1
1847,1/30/2010,0,1
1848,1/31/2010,0,1
1849,2/1/2010,0,2
1850,2/2/2010,0,2
1851,2/3/2010,0,2
1852,2/4/2010,0,2
1853,2/5/2010,0,2
1854,2/6/2010,0,2
1855,2/7/2010,0,2
1856,2/8/2010,0,2
1857,2/9/2010,0,2
1858,2/10/2010,0,2
1859,2/11/2010,0,2
1860,2/12/2010,0,2
1861,2/13/2010,0,2
1862,2/14/2010,0,2
1863,2/15/2010,0,2
1864,2/16/2010,0,2
1865,2/17/2010,0,2
1866,2/18/2010,1,2
1867,2/19/2010,0,2
1868,2/20/2010,0,2
1869,2/21/2010,0,2
1870,2/22/2010,0,2
1871,2/23/2010,0,2
1872,2/24/2010,0,2
1873,2/25/2010,0,2
1874,2/26/2010,0,2
1875,2/27/2010,0,2
1876,2/28/2010,0,2
1877,3/1/2010,0,3
1878,3/2/2010,0,3
1879,3/3/2010,0,3
1880,3/4/2010,0,3
1881,3/5/2010,0,3
1882,3/6/2010,0,3
1883,3/7/2010,0,3
1884,3/8/2010,0,3
1885,3/9/2010,0,3
1886,3/10/2010,0,3
1887,3/11/2010,0,3
1888,3/12/2010,0,3
1889,3/13/2010,0,3
1890,3/14/2010,0,3
1891,3/15/2010,0,3
1892,3/16/2010,0,3
1893,3/17/2010,0,3
1894,3/18/2010,0,3
1895,3/19/2010,1,3
1896,3/20/2010,0,3
1897,3/21/2010,0,3
1898,3/22/2010,0,3
1899,3/23/2010,0,3
1900,3/24/2010,0,3
1901,3/25/2010,0,3
1902,3/26/2010,0,3
1903,3/27/2010,0,3
1904,3/28/2010,0,3
1905,3/29/2010,0,3
1906,3/30/2010,0,3
1907,3/31/2010,0,3
1908,4/1/2010,0,4
1909,4/2/2010,0,4
1910,4/3/2010,0,4
1911,4/4/2010,0,4
1912,4/5/2010,0,4
1913,4/6/2010,0,4
1914,4/7/2010,1,4
1915,4/8/2010,0,4
1916,4/9/2010,0,4
1917,4/10/2010,0,4
1918,4/11/2010,4,4
1919,4/12/2010,0,4
1920,4/13/2010,1,4
1921,4/14/2010,0,4
1922,4/15/2010,0,4
1923,4/16/2010,0,4
1924,4/17/2010,0,4
1925,4/18/2010,0,4
1926,4/19/2010,0,4
1927,4/20/2010,0,4
1928,4/21/2010,0,4
1929,4/22/2010,0,4
1930,4/23/2010,0,4
1931,4/24/2010,0,4
1932,4/25/2010,0,4
1933,4/26/2010,0,4
1934,4/27/2010,1,4
1935,4/28/2010,0,4
1936,4/29/2010,0,4
1937,4/30/2010,0,4
1938,5/1/2010,0,5
1939,5/2/2010,0,5
1940,5/3/2010,2,5
1941,5/4/2010,0,5
1942,5/5/2010,1,5
1943,5/6/2010,0,5
1944,5/7/2010,0,5
1945,5/8/2010,0,5
1946,5/9/2010,0,5
1947,5/10/2010,0,5
1948,5/11/2010,0,5
1949,5/12/2010,0,5
1950,5/13/2010,0,5
1951,5/14/2010,0,5
1952,5/15/2010,0,5
1953,5/16/2010,1,5
1954,5/17/2010,0,5
1955,5/18/2010,0,5
1956,5/19/2010,0,5
1957,5/20/2010,0,5
1958,5/21/2010,0,5
1959,5/22/2010,0,5
1960,5/23/2010,1,5
1961,5/24/2010,1,5
1962,5/25/2010,0,5
1963,5/26/2010,0,5
1964,5/27/2010,0,5
1965,5/28/2010,0,5
1966,5/29/2010,1,5
1967,5/30/2010,0,5
1968,5/31/2010,0,5
1969,6/1/2010,1,6
1970,6/2/2010,0,6
1971,6/3/2010,0,6
1972,6/4/2010,0,6
1973,6/5/2010,0,6
1974,6/6/2010,0,6
1975,6/7/2010,0,6
1976,6/8/2010,0,6
1977,6/9/2010,0,6
1978,6/10/2010,0,6
1979,6/11/2010,0,6
1980,6/12/2010,0,6
1981,6/13/2010,0,6
1982,6/14/2010,0,6
1983,6/15/2010,0,6
1984,6/16/2010,0,6
1985,6/17/2010,0,6
1986,6/18/2010,0,6
1987,6/19/2010,0,6
1988,6/20/2010,0,6
1989,6/21/2010,1,6
1990,6/22/2010,0,6
1991,6/23/2010,0,6
1992,6/24/2010,0,6
1993,6/25/2010,0,6
1994,6/26/2010,0,6
1995,6/27/2010,0,6
1996,6/28/2010,0,6
1997,6/29/2010,0,6
1998,6/30/2010,0,6
1999,7/1/2010,0,7
2000,7/2/2010,0,7
2001,7/3/2010,0,7
2002,7/4/2010,0,7
2003,7/5/2010,0,7
2004,7/6/2010,0,7
2005,7/7/2010,0,7
2006,7/8/2010,0,7
2007,7/9/2010,1,7
2008,7/10/2010,0,7
2009,7/11/2010,0,7
2010,7/12/2010,0,7
2011,7/13/2010,0,7
2012,7/14/2010,0,7
2013,7/15/2010,0,7
2014,7/16/2010,0,7
2015,7/17/2010,0,7
2016,7/18/2010,0,7
2017,7/19/2010,0,7
2018,7/20/2010,0,7
2019,7/21/2010,0,7
2020,7/22/2010,0,7
2021,7/23/2010,0,7
2022,7/24/2010,0,7
2023,7/25/2010,0,7
2024,7/26/2010,0,7
2025,7/27/2010,0,7
2026,7/28/2010,0,7
2027,7/29/2010,0,7
2028,7/30/2010,0,7
2029,7/31/2010,0,7
2030,8/1/2010,0,8
2031,8/2/2010,0,8
2032,8/3/2010,0,8
2033,8/4/2010,0,8
2034,8/5/2010,0,8
2035,8/6/2010,0,8
2036,8/7/2010,0,8
2037,8/8/2010,0,8
2038,8/9/2010,0,8
2039,8/10/2010,0,8
2040,8/11/2010,0,8
2041,8/12/2010,1,8
2042,8/13/2010,0,8
2043,8/14/2010,0,8
2044,8/15/2010,0,8
2045,8/16/2010,0,8
2046,8/17/2010,0,8
2047,8/18/2010,0,8
2048,8/19/2010,0,8
2049,8/20/2010,0,8
2050,8/21/2010,0,8
2051,8/22/2010,1,8
2052,8/23/2010,0,8
2053,8/24/2010,0,8
2054,8/25/2010,0,8
2055,8/26/2010,0,8
2056,8/27/2010,0,8
2057,8/28/2010,0,8
2058,8/29/2010,0,8
2059,8/30/2010,0,8
2060,8/31/2010,0,8
2061,9/1/2010,0,9
2062,9/2/2010,0,9
2063,9/3/2010,3,9
2064,9/4/2010,0,9
2065,9/5/2010,0,9
2066,9/6/2010,0,9
2067,9/7/2010,0,9
2068,9/8/2010,0,9
2069,9/9/2010,0,9
2070,9/10/2010,0,9
2071,9/11/2010,0,9
2072,9/12/2010,0,9
2073,9/13/2010,0,9
2074,9/14/2010,0,9
2075,9/15/2010,0,9
2076,9/16/2010,0,9
2077,9/17/2010,0,9
2078,9/18/2010,0,9
2079,9/19/2010,0,9
2080,9/20/2010,0,9
2081,9/21/2010,0,9
2082,9/22/2010,0,9
2083,9/23/2010,0,9
2084,9/24/2010,0,9
2085,9/25/2010,0,9
2086,9/26/2010,0,9
2087,9/27/2010,1,9
2088,9/28/2010,0,9
2089,9/29/2010,0,9
2090,9/30/2010,0,9
2091,10/1/2010,0,10
2092,10/2/2010,1,10
2093,10/3/2010,0,10
2094,10/4/2010,0,10
2095,10/5/2010,0,10
2096,10/6/2010,1,10
2097,10/7/2010,6,10
2098,10/8/2010,0,10
2099,10/9/2010,0,10
2100,10/10/2010,0,10
2101,10/11/2010,0,10
2102,10/12/2010,0,10
2103,10/13/2010,0,10
2104,10/14/2010,0,10
2105,10/15/2010,0,10
2106,10/16/2010,1,10
2107,10/17/2010,0,10
2108,10/18/2010,0,10
2109,10/19/2010,3,10
2110,10/20/2010,2,10
2111,10/21/2010,0,10
2112,10/22/2010,0,10
2113,10/23/2010,0,10
2114,10/24/2010,0,10
2115,10/25/2010,0,10
2116,10/26/2010,0,10
2117,10/27/2010,0,10
2118,10/28/2010,0,10
2119,10/29/2010,0,10
2120,10/30/2010,0,10
2121,10/31/2010,0,10
2122,11/1/2010,1,11
2123,11/2/2010,0,11
2124,11/3/2010,0,11
2125,11/4/2010,0,11
2126,11/5/2010,0,11
2127,11/6/2010,0,11
2128,11/7/2010,0,11
2129,11/8/2010,1,11
2130,11/9/2010,0,11
2131,11/10/2010,0,11
2132,11/11/2010,0,11
2133,11/12/2010,0,11
2134,11/13/2010,0,11
2135,11/14/2010,0,11
2136,11/15/2010,0,11
2137,11/16/2010,0,11
2138,11/17/2010,1,11
2139,11/18/2010,0,11
2140,11/19/2010,0,11
2141,11/20/2010,0,11
2142,11/21/2010,0,11
2143,11/22/2010,0,11
2144,11/23/2010,0,11
2145,11/24/2010,0,11
2146,11/25/2010,0,11
2147,11/26/2010,0,11
2148,11/27/2010,0,11
2149,11/28/2010,0,11
2150,11/29/2010,0,11
2151,11/30/2010,0,11
2152,12/1/2010,0,12
2153,12/2/2010,0,12
2154,12/3/2010,0,12
2155,12/4/2010,0,12
2156,12/5/2010,1,12
2157,12/6/2010,0,12
2158,12/7/2010,0,12
2159,12/8/2010,1,12
2160,12/9/2010,0,12
2161,12/10/2010,0,12
2162,12/11/2010,0,12
2163,12/12/2010,0,12
2164,12/13/2010,0,12
2165,12/14/2010,0,12
2166,12/15/2010,0,12
2167,12/16/2010,0,12
2168,12/17/2010,0,12
2169,12/18/2010,0,12
2170,12/19/2010,0,12
2171,12/20/2010,0,12
2172,12/21/2010,0,12
2173,12/22/2010,0,12
2174,12/23/2010,1,12
2175,12/24/2010,0,12
2176,12/25/2010,1,12
2177,12/26/2010,1,12
2178,12/27/2010,0,12
2179,12/28/2010,0,12
2180,12/29/2010,1,12
2181,12/30/2010,0,12
2182,12/31/2010,0,12
2183,1/1/2011,0,1
2184,1/2/2011,0,1
2185,1/3/2011,0,1
2186,1/4/2011,0,1
2187,1/5/2011,0,1
2188,1/6/2011,0,1
2189,1/7/2011,0,1
2190,1/8/2011,0,1
2191,1/9/2011,1,1
2192,1/10/2011,0,1
2193,1/11/2011,0,1
2194,1/12/2011,0,1
2195,1/13/2011,0,1
2196,1/14/2011,3,1
2197,1/15/2011,0,1
2198,1/16/2011,0,1
2199,1/17/2011,0,1
2200,1/18/2011,0,1
2201,1/19/2011,0,1
2202,1/20/2011,0,1
2203,1/21/2011,0,1
2204,1/22/2011,0,1
2205,1/23/2011,0,1
2206,1/24/2011,0,1
2207,1/25/2011,0,1
2208,1/26/2011,0,1
2209,1/27/2011,0,1
2210,1/28/2011,0,1
2211,1/29/2011,0,1
2212,1/30/2011,0,1
2213,1/31/2011,0,1
2214,2/1/2011,1,2
2215,2/2/2011,0,2
2216,2/3/2011,0,2
2217,2/4/2011,1,2
2218,2/5/2011,1,2
2219,2/6/2011,0,2
2220,2/7/2011,0,2
2221,2/8/2011,0,2
2222,2/9/2011,0,2
2223,2/10/2011,0,2
2224,2/11/2011,0,2
2225,2/12/2011,0,2
2226,2/13/2011,0,2
2227,2/14/2011,0,2
2228,2/15/2011,0,2
2229,2/16/2011,0,2
2230,2/17/2011,0,2
2231,2/18/2011,0,2
2232,2/19/2011,0,2
2233,2/20/2011,0,2
2234,2/21/2011,0,2
2235,2/22/2011,0,2
2236,2/23/2011,0,2
2237,2/24/2011,0,2
2238,2/25/2011,0,2
2239,2/26/2011,0,2
2240,2/27/2011,0,2
2241,2/28/2011,0,2
2242,3/1/2011,0,3
2243,3/2/2011,0,3
2244,3/3/2011,0,3
2245,3/4/2011,0,3
2246,3/5/2011,0,3
2247,3/6/2011,0,3
2248,3/7/2011,0,3
2249,3/8/2011,0,3
2250,3/9/2011,0,3
2251,3/10/2011,1,3
2252,3/11/2011,0,3
2253,3/12/2011,0,3
2254,3/13/2011,0,3
2255,3/14/2011,0,3
2256,3/15/2011,0,3
2257,3/16/2011,0,3
2258,3/17/2011,0,3
2259,3/18/2011,0,3
2260,3/19/2011,0,3
2261,3/20/2011,0,3
2262,3/21/2011,0,3
2263,3/22/2011,0,3
2264,3/23/2011,0,3
2265,3/24/2011,0,3
2266,3/25/2011,0,3
2267,3/26/2011,0,3
2268,3/27/2011,0,3
2269,3/28/2011,0,3
2270,3/29/2011,0,3
2271,3/30/2011,0,3
2272,3/31/2011,0,3
2273,4/1/2011,0,4
2274,4/2/2011,0,4
2275,4/3/2011,0,4
2276,4/4/2011,1,4
2277,4/5/2011,0,4
2278,4/6/2011,0,4
2279,4/7/2011,0,4
2280,4/8/2011,0,4
2281,4/9/2011,0,4
2282,4/10/2011,0,4
2283,4/11/2011,0,4
2284,4/12/2011,0,4
2285,4/13/2011,0,4
2286,4/14/2011,1,4
2287,4/15/2011,0,4
2288,4/16/2011,0,4
2289,4/17/2011,0,4
2290,4/18/2011,0,4
2291,4/19/2011,0,4
2292,4/20/2011,0,4
2293,4/21/2011,0,4
2294,4/22/2011,0,4
2295,4/23/2011,0,4
2296,4/24/2011,0,4
2297,4/25/2011,0,4
2298,4/26/2011,0,4
2299,4/27/2011,0,4
2300,4/28/2011,0,4
2301,4/29/2011,0,4
2302,4/30/2011,1,4
2303,5/1/2011,0,5
2304,5/2/2011,0,5
2305,5/3/2011,0,5
2306,5/4/2011,0,5
2307,5/5/2011,0,5
2308,5/6/2011,1,5
2309,5/7/2011,0,5
2310,5/8/2011,0,5
2311,5/9/2011,0,5
2312,5/10/2011,0,5
2313,5/11/2011,0,5
2314,5/12/2011,0,5
2315,5/13/2011,0,5
2316,5/14/2011,0,5
2317,5/15/2011,0,5
2318,5/16/2011,0,5
2319,5/17/2011,0,5
2320,5/18/2011,0,5
2321,5/19/2011,0,5
2322,5/20/2011,0,5
2323,5/21/2011,0,5
2324,5/22/2011,0,5
2325,5/23/2011,0,5
2326,5/24/2011,0,5
2327,5/25/2011,0,5
2328,5/26/2011,0,5
2329,5/27/2011,0,5
2330,5/28/2011,0,5
2331,5/29/2011,0,5
2332,5/30/2011,0,5
2333,5/31/2011,0,5
2334,6/1/2011,0,6
2335,6/2/2011,0,6
2336,6/3/2011,0,6
2337,6/4/2011,0,6
2338,6/5/2011,0,6
2339,6/6/2011,0,6
2340,6/7/2011,1,6
2341,6/8/2011,0,6
2342,6/9/2011,0,6
2343,6/10/2011,0,6
2344,6/11/2011,0,6
2345,6/12/2011,0,6
2346,6/13/2011,0,6
2347,6/14/2011,0,6
2348,6/15/2011,0,6
2349,6/16/2011,0,6
2350,6/17/2011,0,6
2351,6/18/2011,0,6
2352,6/19/2011,1,6
2353,6/20/2011,0,6
2354,6/21/2011,0,6
2355,6/22/2011,0,6
2356,6/23/2011,0,6
2357,6/24/2011,0,6
2358,6/25/2011,0,6
2359,6/26/2011,0,6
2360,6/27/2011,0,6
2361,6/28/2011,1,6
2362,6/29/2011,0,6
2363,6/30/2011,0,6
2364,7/1/2011,0,7
2365,7/2/2011,0,7
2366,7/3/2011,0,7
2367,7/4/2011,0,7
2368,7/5/2011,0,7
2369,7/6/2011,0,7
2370,7/7/2011,0,7
2371,7/8/2011,0,7
2372,7/9/2011,0,7
2373,7/10/2011,0,7
2374,7/11/2011,0,7
2375,7/12/2011,0,7
2376,7/13/2011,0,7
2377,7/14/2011,0,7
2378,7/15/2011,0,7
2379,7/16/2011,0,7
2380,7/17/2011,0,7
2381,7/18/2011,0,7
2382,7/19/2011,1,7
2383,7/20/2011,0,7
2384,7/21/2011,0,7
2385,7/22/2011,0,7
2386,7/23/2011,0,7
2387,7/24/2011,0,7
2388,7/25/2011,0,7
2389,7/26/2011,0,7
2390,7/27/2011,0,7
2391,7/28/2011,2,7
2392,7/29/2011,0,7
2393,7/30/2011,0,7
2394,7/31/2011,0,7
2395,8/1/2011,0,8
2396,8/2/2011,0,8
2397,8/3/2011,0,8
2398,8/4/2011,0,8
2399,8/5/2011,0,8
2400,8/6/2011,0,8
2401,8/7/2011,0,8
2402,8/8/2011,0,8
2403,8/9/2011,0,8
2404,8/10/2011,0,8
2405,8/11/2011,0,8
2406,8/12/2011,0,8
2407,8/13/2011,2,8
2408,8/14/2011,0,8
2409,8/15/2011,0,8
2410,8/16/2011,0,8
2411,8/17/2011,0,8
2412,8/18/2011,0,8
2413,8/19/2011,0,8
2414,8/20/2011,0,8
2415,8/21/2011,0,8
2416,8/22/2011,1,8
2417,8/23/2011,4,8
2418,8/24/2011,0,8
2419,8/25/2011,1,8
2420,8/26/2011,0,8
2421,8/27/2011,1,8
2422,8/28/2011,0,8
2423,8/29/2011,0,8
2424,8/30/2011,0,8
2425,8/31/2011,0,8
2426,9/1/2011,0,9
2427,9/2/2011,0,9
2428,9/3/2011,0,9
2429,9/4/2011,0,9
2430,9/5/2011,0,9
2431,9/6/2011,0,9
2432,9/7/2011,0,9
2433,9/8/2011,0,9
2434,9/9/2011,0,9
2435,9/10/2011,0,9
2436,9/11/2011,0,9
2437,9/12/2011,0,9
2438,9/13/2011,0,9
2439,9/14/2011,0,9
2440,9/15/2011,0,9
2441,9/16/2011,0,9
2442,9/17/2011,0,9
2443,9/18/2011,0,9
2444,9/19/2011,0,9
2445,9/20/2011,0,9
2446,9/21/2011,0,9
2447,9/22/2011,0,9
2448,9/23/2011,0,9
2449,9/24/2011,0,9
2450,9/25/2011,0,9
2451,9/26/2011,0,9
2452,9/27/2011,0,9
2453,9/28/2011,0,9
2454,9/29/2011,0,9
2455,9/30/2011,0,9
2456,10/1/2011,0,10
2457,10/2/2011,0,10
2458,10/3/2011,0,10
2459,10/4/2011,0,10
2460,10/5/2011,0,10
2461,10/6/2011,0,10
2462,10/7/2011,0,10
2463,10/8/2011,0,10
2464,10/9/2011,1,10
2465,10/10/2011,0,10
2466,10/11/2011,0,10
2467,10/12/2011,0,10
2468,10/13/2011,1,10
2469,10/14/2011,0,10
2470,10/15/2011,0,10
2471,10/16/2011,0,10
2472,10/17/2011,0,10
2473,10/18/2011,0,10
2474,10/19/2011,0,10
2475,10/20/2011,0,10
2476,10/21/2011,0,10
2477,10/22/2011,0,10
2478,10/23/2011,0,10
2479,10/24/2011,0,10
2480,10/25/2011,0,10
2481,10/26/2011,0,10
2482,10/27/2011,0,10
2483,10/28/2011,0,10
2484,10/29/2011,0,10
2485,10/30/2011,0,10
2486,10/31/2011,0,10
2487,11/1/2011,0,11
2488,11/2/2011,0,11
2489,11/3/2011,0,11
2490,11/4/2011,0,11
2491,11/5/2011,0,11
2492,11/6/2011,1,11
2493,11/7/2011,0,11
2494,11/8/2011,0,11
2495,11/9/2011,0,11
2496,11/10/2011,0,11
2497,11/11/2011,0,11
2498,11/12/2011,0,11
2499,11/13/2011,0,11
2500,11/14/2011,0,11
2501,11/15/2011,0,11
2502,11/16/2011,0,11
2503,11/17/2011,0,11
2504,11/18/2011,0,11
2505,11/19/2011,0,11
2506,11/20/2011,0,11
2507,11/21/2011,0,11
2508,11/22/2011,0,11
2509,11/23/2011,7,11
2510,11/24/2011,0,11
2511,11/25/2011,0,11
2512,11/26/2011,0,11
2513,11/27/2011,0,11
2514,11/28/2011,0,11
2515,11/29/2011,0,11
2516,11/30/2011,0,11
2517,12/1/2011,0,12
2518,12/2/2011,0,12
2519,12/3/2011,0,12
2520,12/4/2011,0,12
2521,12/5/2011,0,12
2522,12/6/2011,1,12
2523,12/7/2011,0,12
2524,12/8/2011,0,12
2525,12/9/2011,0,12
2526,12/10/2011,1,12
2527,12/11/2011,0,12
2528,12/12/2011,0,12
2529,12/13/2011,0,12
2530,12/14/2011,0,12
2531,12/15/2011,0,12
2532,12/16/2011,0,12
2533,12/17/2011,0,12
2534,12/18/2011,0,12
2535,12/19/2011,2,12
2536,12/20/2011,0,12
2537,12/21/2011,0,12
2538,12/22/2011,0,12
2539,12/23/2011,0,12
2540,12/24/2011,0,12
2541,12/25/2011,0,12
2542,12/26/2011,0,12
2543,12/27/2011,0,12
2544,12/28/2011,0,12
2545,12/29/2011,0,12
2546,12/30/2011,0,12
2547,12/31/2011,0,12
2548,1/1/2012,1,1
2549,1/2/2012,0,1
2550,1/3/2012,1,1
2551,1/4/2012,0,1
2552,1/5/2012,0,1
2553,1/6/2012,0,1
2554,1/7/2012,0,1
2555,1/8/2012,0,1
2556,1/9/2012,0,1
2557,1/10/2012,0,1
2558,1/11/2012,0,1
2559,1/12/2012,0,1
2560,1/13/2012,0,1
2561,1/14/2012,0,1
2562,1/15/2012,0,1
2563,1/16/2012,0,1
2564,1/17/2012,0,1
2565,1/18/2012,0,1
2566,1/19/2012,0,1
2567,1/20/2012,0,1
2568,1/21/2012,0,1
2569,1/22/2012,3,1
2570,1/23/2012,0,1
2571,1/24/2012,0,1
2572,1/25/2012,0,1
2573,1/26/2012,1,1
2574,1/27/2012,0,1
2575,1/28/2012,0,1
2576,1/29/2012,3,1
2577,1/30/2012,0,1
2578,1/31/2012,0,1
2579,2/1/2012,0,2
2580,2/2/2012,0,2
2581,2/3/2012,0,2
2582,2/4/2012,0,2
2583,2/5/2012,0,2
2584,2/6/2012,0,2
2585,2/7/2012,0,2
2586,2/8/2012,0,2
2587,2/9/2012,0,2
2588,2/10/2012,0,2
2589,2/11/2012,0,2
2590,2/12/2012,0,2
2591,2/13/2012,0,2
2592,2/14/2012,0,2
2593,2/15/2012,0,2
2594,2/16/2012,0,2
2595,2/17/2012,0,2
2596,2/18/2012,0,2
2597,2/19/2012,0,2
2598,2/20/2012,0,2
2599,2/21/2012,0,2
2600,2/22/2012,0,2
2601,2/23/2012,0,2
2602,2/24/2012,0,2
2603,2/25/2012,0,2
2604,2/26/2012,0,2
2605,2/27/2012,0,2
2606,2/28/2012,0,2
2607,2/29/2012,3,2
2608,3/1/2012,0,3
2609,3/2/2012,0,3
2610,3/3/2012,0,3
2611,3/4/2012,0,3
2612,3/5/2012,0,3
2613,3/6/2012,0,3
2614,3/7/2012,0,3
2615,3/8/2012,0,3
2616,3/9/2012,0,3
2617,3/10/2012,0,3
2618,3/11/2012,0,3
2619,3/12/2012,0,3
2620,3/13/2012,1,3
2621,3/14/2012,0,3
2622,3/15/2012,0,3
2623,3/16/2012,0,3
2624,3/17/2012,0,3
2625,3/18/2012,1,3
2626,3/19/2012,0,3
2627,3/20/2012,1,3
2628,3/21/2012,0,3
2629,3/22/2012,1,3
2630,3/23/2012,0,3
2631,3/24/2012,0,3
2632,3/25/2012,0,3
2633,3/26/2012,0,3
2634,3/27/2012,0,3
2635,3/28/2012,0,3
2636,3/29/2012,0,3
2637,3/30/2012,0,3
2638,3/31/2012,0,3
2639,4/1/2012,0,4
2640,4/2/2012,0,4
2641,4/3/2012,0,4
2642,4/4/2012,0,4
2643,4/5/2012,0,4
2644,4/6/2012,0,4
2645,4/7/2012,0,4
2646,4/8/2012,0,4
2647,4/9/2012,0,4
2648,4/10/2012,0,4
2649,4/11/2012,0,4
2650,4/12/2012,0,4
2651,4/13/2012,0,4
2652,4/14/2012,0,4
2653,4/15/2012,0,4
2654,4/16/2012,0,4
2655,4/17/2012,0,4
2656,4/18/2012,0,4
2657,4/19/2012,0,4
2658,4/20/2012,0,4
2659,4/21/2012,0,4
2660,4/22/2012,0,4
2661,4/23/2012,0,4
2662,4/24/2012,0,4
2663,4/25/2012,0,4
2664,4/26/2012,0,4
2665,4/27/2012,0,4
2666,4/28/2012,0,4
2667,4/29/2012,0,4
2668,4/30/2012,0,4
2669,5/1/2012,0,5
2670,5/2/2012,0,5
2671,5/3/2012,0,5
2672,5/4/2012,0,5
2673,5/5/2012,0,5
2674,5/6/2012,0,5
2675,5/7/2012,0,5
2676,5/8/2012,0,5
2677,5/9/2012,0,5
2678,5/10/2012,0,5
2679,5/11/2012,0,5
2680,5/12/2012,0,5
2681,5/13/2012,0,5
2682,5/14/2012,0,5
2683,5/15/2012,0,5
2684,5/16/2012,0,5
2685,5/17/2012,0,5
2686,5/18/2012,0,5
2687,5/19/2012,0,5
2688,5/20/2012,0,5
2689,5/21/2012,0,5
2690,5/22/2012,0,5
2691,5/23/2012,0,5
2692,5/24/2012,0,5
2693,5/25/2012,0,5
2694,5/26/2012,0,5
2695,5/27/2012,0,5
2696,5/28/2012,0,5
2697,5/29/2012,0,5
2698,5/30/2012,1,5
2699,5/31/2012,0,5
2700,6/1/2012,0,6
2701,6/2/2012,0,6
2702,6/3/2012,0,6
2703,6/4/2012,0,6
2704,6/5/2012,0,6
2705,6/6/2012,0,6
2706,6/7/2012,1,6
2707,6/8/2012,0,6
2708,6/9/2012,0,6
2709,6/10/2012,0,6
2710,6/11/2012,0,6
2711,6/12/2012,0,6
2712,6/13/2012,0,6
2713,6/14/2012,0,6
2714,6/15/2012,0,6
2715,6/16/2012,0,6
2716,6/17/2012,2,6
2717,6/18/2012,0,6
2718,6/19/2012,0,6
2719,6/20/2012,0,6
2720,6/21/2012,0,6
2721,6/22/2012,1,6
2722,6/23/2012,0,6
2723,6/24/2012,0,6
2724,6/25/2012,0,6
2725,6/26/2012,0,6
2726,6/27/2012,1,6
2727,6/28/2012,0,6
2728,6/29/2012,0,6
2729,6/30/2012,0,6
2730,7/1/2012,0,7
2731,7/2/2012,0,7
2732,7/3/2012,0,7
2733,7/4/2012,0,7
2734,7/5/2012,0,7
2735,7/6/2012,0,7
2736,7/7/2012,0,7
2737,7/8/2012,0,7
2738,7/9/2012,0,7
2739,7/10/2012,0,7
2740,7/11/2012,0,7
2741,7/12/2012,0,7
2742,7/13/2012,0,7
2743,7/14/2012,0,7
2744,7/15/2012,0,7
2745,7/16/2012,0,7
2746,7/17/2012,0,7
2747,7/18/2012,0,7
2748,7/19/2012,2,7
2749,7/20/2012,0,7
2750,7/21/2012,0,7
2751,7/22/2012,0,7
2752,7/23/2012,0,7
2753,7/24/2012,0,7
2754,7/25/2012,0,7
2755,7/26/2012,0,7
2756,7/27/2012,0,7
2757,7/28/2012,0,7
2758,7/29/2012,0,7
2759,7/30/2012,0,7
2760,7/31/2012,1,7
2761,8/1/2012,0,8
2762,8/2/2012,0,8
2763,8/3/2012,0,8
2764,8/4/2012,0,8
2765,8/5/2012,0,8
2766,8/6/2012,0,8
2767,8/7/2012,0,8
2768,8/8/2012,1,8
2769,8/9/2012,0,8
2770,8/10/2012,0,8
2771,8/11/2012,0,8
2772,8/12/2012,0,8
2773,8/13/2012,0,8
2774,8/14/2012,0,8
2775,8/15/2012,0,8
2776,8/16/2012,0,8
2777,8/17/2012,0,8
2778,8/18/2012,0,8
2779,8/19/2012,0,8
2780,8/20/2012,0,8
2781,8/21/2012,0,8
2782,8/22/2012,0,8
2783,8/23/2012,0,8
2784,8/24/2012,0,8
2785,8/25/2012,0,8
2786,8/26/2012,0,8
2787,8/27/2012,1,8
2788,8/28/2012,0,8
2789,8/29/2012,0,8
2790,8/30/2012,0,8
2791,8/31/2012,0,8
2792,9/1/2012,0,9
2793,9/2/2012,0,9
2794,9/3/2012,0,9
2795,9/4/2012,0,9
2796,9/5/2012,1,9
2797,9/6/2012,0,9
2798,9/7/2012,0,9
2799,9/8/2012,0,9
2800,9/9/2012,0,9
2801,9/10/2012,0,9
2802,9/11/2012,0,9
2803,9/12/2012,0,9
2804,9/13/2012,0,9
2805,9/14/2012,0,9
2806,9/15/2012,0,9
2807,9/16/2012,0,9
2808,9/17/2012,0,9
2809,9/18/2012,0,9
2810,9/19/2012,0,9
2811,9/20/2012,0,9
2812,9/21/2012,0,9
2813,9/22/2012,1,9
2814,9/23/2012,0,9
2815,9/24/2012,0,9
2816,9/25/2012,0,9
2817,9/26/2012,0,9
2818,9/27/2012,0,9
2819,9/28/2012,0,9
2820,9/29/2012,0,9
2821,9/30/2012,0,9
2822,10/1/2012,0,10
2823,10/2/2012,0,10
2824,10/3/2012,0,10
2825,10/4/2012,0,10
2826,10/5/2012,0,10
2827,10/6/2012,0,10
2828,10/7/2012,0,10
2829,10/8/2012,0,10
2830,10/9/2012,0,10
2831,10/10/2012,0,10
2832,10/11/2012,0,10
2833,10/12/2012,0,10
2834,10/13/2012,0,10
2835,10/14/2012,0,10
2836,10/15/2012,0,10
2837,10/16/2012,0,10
2838,10/17/2012,0,10
2839,10/18/2012,0,10
2840,10/19/2012,0,10
2841,10/20/2012,0,10
2842,10/21/2012,0,10
2843,10/22/2012,0,10
2844,10/23/2012,0,10
2845,10/24/2012,0,10
2846,10/25/2012,0,10
2847,10/26/2012,0,10
2848,10/27/2012,0,10
2849,10/28/2012,0,10
2850,10/29/2012,0,10
2851,10/30/2012,0,10
2852,10/31/2012,0,10
2853,11/1/2012,0,11
2854,11/2/2012,1,11
2855,11/3/2012,0,11
2856,11/4/2012,0,11
2857,11/5/2012,0,11
2858,11/6/2012,1,11
2859,11/7/2012,0,11
2860,11/8/2012,0,11
2861,11/9/2012,0,11
2862,11/10/2012,0,11
2863,11/11/2012,0,11
2864,11/12/2012,0,11
2865,11/13/2012,0,11
2866,11/14/2012,0,11
2867,11/15/2012,0,11
2868,11/16/2012,0,11
2869,11/17/2012,0,11
2870,11/18/2012,0,11
2871,11/19/2012,0,11
2872,11/20/2012,0,11
2873,11/21/2012,0,11
2874,11/22/2012,0,11
2875,11/23/2012,0,11
2876,11/24/2012,0,11
2877,11/25/2012,0,11
2878,11/26/2012,0,11
2879,11/27/2012,0,11
2880,11/28/2012,0,11
2881,11/29/2012,0,11
2882,11/30/2012,0,11
2883,12/1/2012,0,12
2884,12/2/2012,0,12
2885,12/3/2012,0,12
2886,12/4/2012,0,12
2887,12/5/2012,0,12
2888,12/6/2012,0,12
2889,12/7/2012,0,12
2890,12/8/2012,1,12
2891,12/9/2012,0,12
2892,12/10/2012,0,12
2893,12/11/2012,0,12
2894,12/12/2012,0,12
2895,12/13/2012,0,12
2896,12/14/2012,0,12
2897,12/15/2012,0,12
2898,12/16/2012,0,12
2899,12/17/2012,0,12
2900,12/18/2012,1,12
2901,12/19/2012,0,12
2902,12/20/2012,0,12
2903,12/21/2012,0,12
2904,12/22/2012,0,12
2905,12/23/2012,0,12
2906,12/24/2012,0,12
2907,12/25/2012,0,12
2908,12/26/2012,0,12
2909,12/27/2012,1,12
2910,12/28/2012,0,12
2911,12/29/2012,0,12
2912,12/30/2012,0,12
2913,12/31/2012,0,12
2914,1/1/2013,0,1
2915,1/2/2013,0,1
2916,1/3/2013,0,1
2917,1/4/2013,0,1
2918,1/5/2013,0,1
2919,1/6/2013,0,1
2920,1/7/2013,0,1
2921,1/8/2013,0,1
2922,1/9/2013,0,1
2923,1/10/2013,0,1
2924,1/11/2013,0,1
2925,1/12/2013,0,1
2926,1/13/2013,0,1
2927,1/14/2013,0,1
2928,1/15/2013,0,1
2929,1/16/2013,0,1
2930,1/17/2013,0,1
2931,1/18/2013,0,1
2932,1/19/2013,1,1
2933,1/20/2013,1,1
2934,1/21/2013,0,1
2935,1/22/2013,0,1
2936,1/23/2013,0,1
2937,1/24/2013,0,1
2938,1/25/2013,0,1
2939,1/26/2013,0,1
2940,1/27/2013,0,1
2941,1/28/2013,0,1
2942,1/29/2013,0,1
2943,1/30/2013,0,1
2944,1/31/2013,0,1
2945,2/1/2013,0,2
2946,2/2/2013,0,2
2947,2/3/2013,0,2
2948,2/4/2013,0,2
2949,2/5/2013,2,2
2950,2/6/2013,0,2
2951,2/7/2013,0,2
2952,2/8/2013,0,2
2953,2/9/2013,0,2
2954,2/10/2013,0,2
2955,2/11/2013,1,2
2956,2/12/2013,0,2
2957,2/13/2013,0,2
2958,2/14/2013,0,2
2959,2/15/2013,0,2
2960,2/16/2013,1,2
2961,2/17/2013,0,2
2962,2/18/2013,0,2
2963,2/19/2013,0,2
2964,2/20/2013,0,2
2965,2/21/2013,0,2
2966,2/22/2013,1,2
2967,2/23/2013,0,2
2968,2/24/2013,0,2
2969,2/25/2013,0,2
2970,2/26/2013,0,2
2971,2/27/2013,0,2
2972,2/28/2013,0,2
2973,3/1/2013,0,3
2974,3/2/2013,0,3
2975,3/3/2013,0,3
2976,3/4/2013,0,3
2977,3/5/2013,0,3
2978,3/6/2013,0,3
2979,3/7/2013,0,3
2980,3/8/2013,0,3
2981,3/9/2013,0,3
2982,3/10/2013,0,3
2983,3/11/2013,0,3
2984,3/12/2013,0,3
2985,3/13/2013,0,3
2986,3/14/2013,0,3
2987,3/15/2013,0,3
2988,3/16/2013,0,3
2989,3/17/2013,0,3
2990,3/18/2013,0,3
2991,3/19/2013,0,3
2992,3/20/2013,0,3
2993,3/21/2013,0,3
2994,3/22/2013,0,3
2995,3/23/2013,0,3
2996,3/24/2013,0,3
2997,3/25/2013,1,3
2998,3/26/2013,0,3
2999,3/27/2013,0,3
3000,3/28/2013,0,3
3001,3/29/2013,0,3
3002,3/30/2013,0,3
3003,3/31/2013,0,3
3004,4/1/2013,0,4
3005,4/2/2013,0,4
3006,4/3/2013,0,4
3007,4/4/2013,0,4
3008,4/5/2013,0,4
3009,4/6/2013,0,4
3010,4/7/2013,0,4
3011,4/8/2013,0,4
3012,4/9/2013,0,4
3013,4/10/2013,0,4
3014,4/11/2013,0,4
3015,4/12/2013,0,4
3016,4/13/2013,0,4
3017,4/14/2013,0,4
3018,4/15/2013,0,4
3019,4/16/2013,0,4
3020,4/17/2013,0,4
3021,4/18/2013,0,4
3022,4/19/2013,0,4
3023,4/20/2013,0,4
3024,4/21/2013,0,4
3025,4/22/2013,0,4
3026,4/23/2013,0,4
3027,4/24/2013,0,4
3028,4/25/2013,0,4
3029,4/26/2013,0,4
3030,4/27/2013,0,4
3031,4/28/2013,0,4
3032,4/29/2013,1,4
3033,4/30/2013,0,4
3034,5/1/2013,0,5
3035,5/2/2013,0,5
3036,5/3/2013,0,5
3037,5/4/2013,0,5
3038,5/5/2013,0,5
3039,5/6/2013,0,5
3040,5/7/2013,0,5
3041,5/8/2013,0,5
3042,5/9/2013,0,5
3043,5/10/2013,0,5
3044,5/11/2013,0,5
3045,5/12/2013,0,5
3046,5/13/2013,0,5
3047,5/14/2013,0,5
3048,5/15/2013,0,5
3049,5/16/2013,0,5
3050,5/17/2013,0,5
3051,5/18/2013,0,5
3052,5/19/2013,0,5
3053,5/20/2013,0,5
3054,5/21/2013,0,5
3055,5/22/2013,0,5
3056,5/23/2013,0,5
3057,5/24/2013,1,5
3058,5/25/2013,0,5
3059,5/26/2013,0,5
3060,5/27/2013,0,5
3061,5/28/2013,0,5
3062,5/29/2013,0,5
3063,5/30/2013,1,5
3064,5/31/2013,4,5
3065,6/1/2013,0,6
3066,6/2/2013,0,6
3067,6/3/2013,0,6
3068,6/4/2013,0,6
3069,6/5/2013,0,6
3070,6/6/2013,0,6
3071,6/7/2013,0,6
3072,6/8/2013,0,6
3073,6/9/2013,0,6
3074,6/10/2013,0,6
3075,6/11/2013,0,6
3076,6/12/2013,0,6
3077,6/13/2013,0,6
3078,6/14/2013,0,6
3079,6/15/2013,0,6
3080,6/16/2013,1,6
3081,6/17/2013,0,6
3082,6/18/2013,0,6
3083,6/19/2013,0,6
3084,6/20/2013,0,6
3085,6/21/2013,0,6
3086,6/22/2013,0,6
3087,6/23/2013,0,6
3088,6/24/2013,0,6
3089,6/25/2013,0,6
3090,6/26/2013,1,6
3091,6/27/2013,0,6
3092,6/28/2013,0,6
3093,6/29/2013,0,6
3094,6/30/2013,0,6
3095,7/1/2013,1,7
3096,7/2/2013,0,7
3097,7/3/2013,0,7
3098,7/4/2013,1,7
3099,7/5/2013,0,7
3100,7/6/2013,0,7
3101,7/7/2013,0,7
3102,7/8/2013,0,7
3103,7/9/2013,0,7
3104,7/10/2013,0,7
3105,7/11/2013,0,7
3106,7/12/2013,0,7
3107,7/13/2013,0,7
3108,7/14/2013,0,7
3109,7/15/2013,0,7
3110,7/16/2013,0,7
3111,7/17/2013,0,7
3112,7/18/2013,0,7
3113,7/19/2013,0,7
3114,7/20/2013,0,7
3115,7/21/2013,0,7
3116,7/22/2013,0,7
3117,7/23/2013,0,7
3118,7/24/2013,0,7
3119,7/25/2013,0,7
3120,7/26/2013,0,7
3121,7/27/2013,0,7
3122,7/28/2013,1,7
3123,7/29/2013,0,7
3124,7/30/2013,0,7
3125,7/31/2013,0,7
3126,8/1/2013,0,8
3127,8/2/2013,0,8
3128,8/3/2013,0,8
3129,8/4/2013,0,8
3130,8/5/2013,1,8
3131,8/6/2013,0,8
3132,8/7/2013,0,8
3133,8/8/2013,0,8
3134,8/9/2013,0,8
3135,8/10/2013,0,8
3136,8/11/2013,0,8
3137,8/12/2013,0,8
3138,8/13/2013,0,8
3139,8/14/2013,0,8
3140,8/15/2013,0,8
3141,8/16/2013,0,8
3142,8/17/2013,0,8
3143,8/18/2013,0,8
3144,8/19/2013,0,8
3145,8/20/2013,0,8
3146,8/21/2013,0,8
3147,8/22/2013,0,8
3148,8/23/2013,0,8
3149,8/24/2013,0,8
3150,8/25/2013,0,8
3151,8/26/2013,0,8
3152,8/27/2013,0,8
3153,8/28/2013,0,8
3154,8/29/2013,1,8
3155,8/30/2013,0,8
3156,8/31/2013,0,8
3157,9/1/2013,0,9
3158,9/2/2013,0,9
3159,9/3/2013,0,9
3160,9/4/2013,1,9
3161,9/5/2013,0,9
3162,9/6/2013,0,9
3163,9/7/2013,0,9
3164,9/8/2013,0,9
3165,9/9/2013,0,9
3166,9/10/2013,0,9
3167,9/11/2013,0,9
3168,9/12/2013,0,9
3169,9/13/2013,0,9
3170,9/14/2013,0,9
3171,9/15/2013,0,9
3172,9/16/2013,0,9
3173,9/17/2013,0,9
3174,9/18/2013,0,9
3175,9/19/2013,0,9
3176,9/20/2013,0,9
3177,9/21/2013,0,9
3178,9/22/2013,0,9
3179,9/23/2013,0,9
3180,9/24/2013,0,9
3181,9/25/2013,0,9
3182,9/26/2013,0,9
3183,9/27/2013,0,9
3184,9/28/2013,0,9
3185,9/29/2013,0,9
3186,9/30/2013,0,9
3187,10/1/2013,0,10
3188,10/2/2013,0,10
3189,10/3/2013,0,10
3190,10/4/2013,0,10
3191,10/5/2013,0,10
3192,10/6/2013,0,10
3193,10/7/2013,0,10
3194,10/8/2013,0,10
3195,10/9/2013,0,10
3196,10/10/2013,0,10
3197,10/11/2013,0,10
3198,10/12/2013,0,10
3199,10/13/2013,1,10
3200,10/14/2013,0,10
3201,10/15/2013,0,10
3202,10/16/2013,0,10
3203,10/17/2013,0,10
3204,10/18/2013,0,10
3205,10/19/2013,1,10
3206,10/20/2013,0,10
3207,10/21/2013,0,10
3208,10/22/2013,0,10
3209,10/23/2013,0,10
3210,10/24/2013,0,10
3211,10/25/2013,0,10
3212,10/26/2013,0,10
3213,10/27/2013,0,10
3214,10/28/2013,0,10
3215,10/29/2013,1,10
3216,10/30/2013,0,10
3217,10/31/2013,0,10
3218,11/1/2013,0,11
3219,11/2/2013,0,11
3220,11/3/2013,0,11
3221,11/4/2013,0,11
3222,11/5/2013,0,11
3223,11/6/2013,0,11
3224,11/7/2013,0,11
3225,11/8/2013,0,11
3226,11/9/2013,0,11
3227,11/10/2013,1,11
3228,11/11/2013,0,11
3229,11/12/2013,1,11
3230,11/13/2013,0,11
3231,11/14/2013,0,11
3232,11/15/2013,0,11
3233,11/16/2013,0,11
3234,11/17/2013,0,11
3235,11/18/2013,0,11
3236,11/19/2013,0,11
3237,11/20/2013,0,11
3238,11/21/2013,0,11
3239,11/22/2013,0,11
3240,11/23/2013,0,11
3241,11/24/2013,0,11
3242,11/25/2013,0,11
3243,11/26/2013,1,11
3244,11/27/2013,1,11
3245,11/28/2013,0,11
3246,11/29/2013,0,11
3247,11/30/2013,0,11
3248,12/1/2013,0,12
3249,12/2/2013,0,12
3250,12/3/2013,0,12
3251,12/4/2013,0,12
3252,12/5/2013,0,12
3253,12/6/2013,0,12
3254,12/7/2013,1,12
3255,12/8/2013,0,12
3256,12/9/2013,0,12
3257,12/10/2013,0,12
3258,12/11/2013,0,12
3259,12/12/2013,0,12
3260,12/13/2013,0,12
3261,12/14/2013,0,12
3262,12/15/2013,0,12
3263,12/16/2013,0,12
3264,12/17/2013,0,12
3265,12/18/2013,0,12
3266,12/19/2013,0,12
3267,12/20/2013,0,12
3268,12/21/2013,0,12
3269,12/22/2013,0,12
3270,12/23/2013,0,12
3271,12/24/2013,0,12
3272,12/25/2013,0,12
3273,12/26/2013,0,12
3274,12/27/2013,0,12
3275,12/28/2013,0,12
3276,12/29/2013,0,12
3277,12/30/2013,0,12
3278,12/31/2013,0,12
3279,1/1/2014,0,1
3280,1/2/2014,0,1
3281,1/3/2014,0,1
3282,1/4/2014,0,1
3283,1/5/2014,0,1
3284,1/6/2014,0,1
3285,1/7/2014,0,1
3286,1/8/2014,0,1
3287,1/9/2014,0,1
3288,1/10/2014,0,1
3289,1/11/2014,0,1
3290,1/12/2014,0,1
3291,1/13/2014,0,1
3292,1/14/2014,0,1
3293,1/15/2014,0,1
3294,1/16/2014,0,1
3295,1/17/2014,0,1
3296,1/18/2014,0,1
3297,1/19/2014,0,1
3298,1/20/2014,0,1
3299,1/21/2014,0,1
3300,1/22/2014,0,1
3301,1/23/2014,0,1
3302,1/24/2014,1,1
3303,1/25/2014,0,1
3304,1/26/2014,0,1
3305,1/27/2014,0,1
3306,1/28/2014,0,1
3307,1/29/2014,0,1
3308,1/30/2014,0,1
3309,1/31/2014,0,1
3310,2/1/2014,0,2
3311,2/2/2014,0,2
3312,2/3/2014,0,2
3313,2/4/2014,2,2
3314,2/5/2014,0,2
3315,2/6/2014,0,2
3316,2/7/2014,0,2
3317,2/8/2014,0,2
3318,2/9/2014,0,2
3319,2/10/2014,0,2
3320,2/11/2014,0,2
3321,2/12/2014,0,2
3322,2/13/2014,0,2
3323,2/14/2014,0,2
3324,2/15/2014,0,2
3325,2/16/2014,0,2
3326,2/17/2014,0,2
3327,2/18/2014,0,2
3328,2/19/2014,0,2
3329,2/20/2014,0,2
3330,2/21/2014,0,2
3331,2/22/2014,0,2
3332,2/23/2014,0,2
3333,2/24/2014,0,2
3334,2/25/2014,0,2
3335,2/26/2014,0,2
3336,2/27/2014,0,2
3337,2/28/2014,0,2
3338,3/1/2014,0,3
3339,3/2/2014,0,3
3340,3/3/2014,1,3
3341,3/4/2014,0,3
3342,3/5/2014,0,3
3343,3/6/2014,0,3
3344,3/7/2014,0,3
3345,3/8/2014,0,3
3346,3/9/2014,0,3
3347,3/10/2014,0,3
3348,3/11/2014,0,3
3349,3/12/2014,0,3
3350,3/13/2014,1,3
3351,3/14/2014,0,3
3352,3/15/2014,0,3
3353,3/16/2014,0,3
3354,3/17/2014,0,3
3355,3/18/2014,0,3
3356,3/19/2014,0,3
3357,3/20/2014,0,3
3358,3/21/2014,0,3
3359,3/22/2014,0,3
3360,3/23/2014,0,3
3361,3/24/2014,0,3
3362,3/25/2014,0,3
3363,3/26/2014,0,3
3364,3/27/2014,0,3
3365,3/28/2014,0,3
3366,3/29/2014,0,3
3367,3/30/2014,0,3
3368,3/31/2014,0,3
3369,4/1/2014,0,4
3370,4/2/2014,0,4
3371,4/3/2014,0,4
3372,4/4/2014,0,4
3373,4/5/2014,0,4
3374,4/6/2014,0,4
3375,4/7/2014,0,4
3376,4/8/2014,0,4
3377,4/9/2014,0,4
3378,4/10/2014,0,4
3379,4/11/2014,0,4
3380,4/12/2014,0,4
3381,4/13/2014,0,4
3382,4/14/2014,0,4
3383,4/15/2014,0,4
3384,4/16/2014,0,4
3385,4/17/2014,0,4
3386,4/18/2014,0,4
3387,4/19/2014,0,4
3388,4/20/2014,0,4
3389,4/21/2014,0,4
3390,4/22/2014,0,4
3391,4/23/2014,0,4
3392,4/24/2014,0,4
3393,4/25/2014,0,4
3394,4/26/2014,0,4
3395,4/27/2014,0,4
3396,4/28/2014,0,4
3397,4/29/2014,0,4
3398,4/30/2014,0,4
3399,5/1/2014,3,5
3400,5/2/2014,0,5
3401,5/3/2014,0,5
3402,5/4/2014,0,5
3403,5/5/2014,0,5
3404,5/6/2014,0,5
3405,5/7/2014,0,5
3406,5/8/2014,0,5
3407,5/9/2014,0,5
3408,5/10/2014,0,5
3409,5/11/2014,0,5
3410,5/12/2014,0,5
3411,5/13/2014,0,5
3412,5/14/2014,0,5
3413,5/15/2014,0,5
3414,5/16/2014,0,5
3415,5/17/2014,0,5
3416,5/18/2014,0,5
3417,5/19/2014,0,5
3418,5/20/2014,0,5
3419,5/21/2014,0,5
3420,5/22/2014,0,5
3421,5/23/2014,2,5
3422,5/24/2014,0,5
3423,5/25/2014,0,5
3424,5/26/2014,0,5
3425,5/27/2014,0,5
3426,5/28/2014,0,5
3427,5/29/2014,0,5
3428,5/30/2014,0,5
3429,5/31/2014,0,5
3430,6/1/2014,0,6
3431,6/2/2014,0,6
3432,6/3/2014,0,6
3433,6/4/2014,0,6
3434,6/5/2014,0,6
3435,6/6/2014,0,6
3436,6/7/2014,0,6
3437,6/8/2014,0,6
3438,6/9/2014,0,6
3439,6/10/2014,0,6
3440,6/11/2014,0,6
3441,6/12/2014,0,6
3442,6/13/2014,0,6
3443,6/14/2014,0,6
3444,6/15/2014,0,6
3445,6/16/2014,0,6
3446,6/17/2014,0,6
3447,6/18/2014,0,6
3448,6/19/2014,0,6
3449,6/20/2014,0,6
3450,6/21/2014,0,6
3451,6/22/2014,0,6
3452,6/23/2014,0,6
3453,6/24/2014,0,6
3454,6/25/2014,0,6
3455,6/26/2014,0,6
3456,6/27/2014,0,6
3457,6/28/2014,0,6
3458,6/29/2014,0,6
3459,6/30/2014,0,6
3460,7/1/2014,0,7
3461,7/2/2014,0,7
3462,7/3/2014,0,7
3463,7/4/2014,0,7
3464,7/5/2014,0,7
3465,7/6/2014,0,7
3466,7/7/2014,0,7
3467,7/8/2014,0,7
3468,7/9/2014,0,7
3469,7/10/2014,1,7
3470,7/11/2014,0,7
3471,7/12/2014,0,7
3472,7/13/2014,0,7
3473,7/14/2014,0,7
3474,7/15/2014,0,7
3475,7/16/2014,0,7
3476,7/17/2014,0,7
3477,7/18/2014,0,7
3478,7/19/2014,0,7
3479,7/20/2014,0,7
3480,7/21/2014,0,7
3481,7/22/2014,0,7
3482,7/23/2014,0,7
3483,7/24/2014,0,7
3484,7/25/2014,0,7
3485,7/26/2014,0,7
3486,7/27/2014,0,7
3487,7/28/2014,0,7
3488,7/29/2014,0,7
3489,7/30/2014,0,7
3490,7/31/2014,0,7
3491,8/1/2014,0,8
3492,8/2/2014,0,8
3493,8/3/2014,0,8
3494,8/4/2014,0,8
3495,8/5/2014,0,8
3496,8/6/2014,0,8
3497,8/7/2014,0,8
3498,8/8/2014,0,8
3499,8/9/2014,0,8
3500,8/10/2014,0,8
3501,8/11/2014,0,8
3502,8/12/2014,0,8
3503,8/13/2014,0,8
3504,8/14/2014,0,8
3505,8/15/2014,0,8
3506,8/16/2014,1,8
3507,8/17/2014,0,8
3508,8/18/2014,0,8
3509,8/19/2014,0,8
3510,8/20/2014,0,8
3511,8/21/2014,0,8
3512,8/22/2014,0,8
3513,8/23/2014,0,8
3514,8/24/2014,0,8
3515,8/25/2014,0,8
3516,8/26/2014,0,8
3517,8/27/2014,0,8
3518,8/28/2014,0,8
3519,8/29/2014,1,8
3520,8/30/2014,0,8
3521,8/31/2014,0,8
3522,9/1/2014,0,9
3523,9/2/2014,0,9
3524,9/3/2014,0,9
3525,9/4/2014,1,9
3526,9/5/2014,0,9
3527,9/6/2014,0,9
3528,9/7/2014,0,9
3529,9/8/2014,0,9
3530,9/9/2014,0,9
3531,9/10/2014,0,9
3532,9/11/2014,0,9
3533,9/12/2014,3,9
3534,9/13/2014,0,9
3535,9/14/2014,1,9
3536,9/15/2014,0,9
3537,9/16/2014,0,9
3538,9/17/2014,0,9
3539,9/18/2014,0,9
3540,9/19/2014,0,9
3541,9/20/2014,0,9
3542,9/21/2014,1,9
3543,9/22/2014,0,9
3544,9/23/2014,0,9
3545,9/24/2014,0,9
3546,9/25/2014,0,9
3547,9/26/2014,0,9
3548,9/27/2014,0,9
3549,9/28/2014,0,9
3550,9/29/2014,0,9
3551,9/30/2014,0,9
3552,10/1/2014,0,10
3553,10/2/2014,0,10
3554,10/3/2014,0,10
3555,10/4/2014,0,10
3556,10/5/2014,0,10
3557,10/6/2014,0,10
3558,10/7/2014,0,10
3559,10/8/2014,0,10
3560,10/9/2014,0,10
3561,10/10/2014,0,10
3562,10/11/2014,0,10
3563,10/12/2014,0,10
3564,10/13/2014,0,10
3565,10/14/2014,0,10
3566,10/15/2014,0,10
3567,10/16/2014,0,10
3568,10/17/2014,0,10
3569,10/18/2014,0,10
3570,10/19/2014,0,10
3571,10/20/2014,0,10
3572,10/21/2014,0,10
3573,10/22/2014,0,10
3574,10/23/2014,0,10
3575,10/24/2014,0,10
3576,10/25/2014,0,10
3577,10/26/2014,0,10
3578,10/27/2014,0,10
3579,10/28/2014,0,10
3580,10/29/2014,0,10
3581,10/30/2014,0,10
3582,10/31/2014,0,10
3583,11/1/2014,0,11
3584,11/2/2014,1,11
3585,11/3/2014,0,11
3586,11/4/2014,0,11
3587,11/5/2014,0,11
3588,11/6/2014,0,11
3589,11/7/2014,0,11
3590,11/8/2014,0,11
3591,11/9/2014,0,11
3592,11/10/2014,0,11
3593,11/11/2014,0,11
3594,11/12/2014,0,11
3595,11/13/2014,0,11
3596,11/14/2014,0,11
3597,11/15/2014,0,11
3598,11/16/2014,0,11
3599,11/17/2014,0,11
3600,11/18/2014,0,11
3601,11/19/2014,0,11
3602,11/20/2014,0,11
3603,11/21/2014,0,11
3604,11/22/2014,1,11
3605,11/23/2014,0,11
3606,11/24/2014,4,11
3607,11/25/2014,3,11
3608,11/26/2014,0,11
3609,11/27/2014,0,11
3610,11/28/2014,0,11
3611,11/29/2014,0,11
3612,11/30/2014,0,11
3613,12/1/2014,0,12
3614,12/2/2014,0,12
3615,12/3/2014,0,12
3616,12/4/2014,0,12
3617,12/5/2014,0,12
3618,12/6/2014,0,12
3619,12/7/2014,0,12
3620,12/8/2014,0,12
3621,12/9/2014,0,12
3622,12/10/2014,0,12
3623,12/11/2014,0,12
3624,12/12/2014,0,12
3625,12/13/2014,0,12
3626,12/14/2014,0,12
3627,12/15/2014,0,12
3628,12/16/2014,0,12
3629,12/17/2014,0,12
3630,12/18/2014,0,12
3631,12/19/2014,0,12
3632,12/20/2014,0,12
3633,12/21/2014,0,12
3634,12/22/2014,0,12
3635,12/23/2014,0,12
3636,12/24/2014,0,12
3637,12/25/2014,0,12
3638,12/26/2014,0,12
3639,12/27/2014,0,12
3640,12/28/2014,0,12
3641,12/29/2014,0,12
3642,12/30/2014,0,12
3643,12/31/2014,0,12
3644,1/1/2015,0,1
3645,1/2/2015,0,1
3646,1/3/2015,0,1
3647,1/4/2015,0,1
3648,1/5/2015,0,1
3649,1/6/2015,0,1
3650,1/7/2015,0,1
3651,1/8/2015,0,1
3652,1/9/2015,0,1
3653,1/10/2015,1,1
3654,1/11/2015,0,1
3655,1/12/2015,0,1
3656,1/13/2015,0,1
3657,1/14/2015,0,1
3658,1/15/2015,0,1
3659,1/16/2015,0,1
3660,1/17/2015,1,1
3661,1/18/2015,0,1
3662,1/19/2015,0,1
3663,1/20/2015,0,1
3664,1/21/2015,0,1
3665,1/22/2015,0,1
3666,1/23/2015,0,1
3667,1/24/2015,0,1
3668,1/25/2015,0,1
3669,1/26/2015,0,1
3670,1/27/2015,0,1
3671,1/28/2015,2,1
3672,1/29/2015,0,1
3673,1/30/2015,1,1
3674,1/31/2015,0,1
3675,2/1/2015,0,2
3676,2/2/2015,0,2
3677,2/3/2015,0,2
3678,2/4/2015,0,2
3679,2/5/2015,0,2
3680,2/6/2015,0,2
3681,2/7/2015,0,2
3682,2/8/2015,0,2
3683,2/9/2015,0,2
3684,2/10/2015,0,2
3685,2/11/2015,0,2
3686,2/12/2015,0,2
3687,2/13/2015,0,2
3688,2/14/2015,0,2
3689,2/15/2015,0,2
3690,2/16/2015,0,2
3691,2/17/2015,0,2
3692,2/18/2015,1,2
3693,2/19/2015,0,2
3694,2/20/2015,1,2
3695,2/21/2015,0,2
3696,2/22/2015,0,2
3697,2/23/2015,0,2
3698,2/24/2015,0,2
3699,2/25/2015,0,2
3700,2/26/2015,0,2
3701,2/27/2015,0,2
3702,2/28/2015,0,2
3703,3/1/2015,0,3
3704,3/2/2015,0,3
3705,3/3/2015,0,3
3706,3/4/2015,1,3
3707,3/5/2015,0,3
3708,3/6/2015,0,3
3709,3/7/2015,0,3
3710,3/8/2015,0,3
3711,3/9/2015,0,3
3712,3/10/2015,0,3
3713,3/11/2015,0,3
3714,3/12/2015,0,3
3715,3/13/2015,0,3
3716,3/14/2015,0,3
3717,3/15/2015,0,3
3718,3/16/2015,0,3
3719,3/17/2015,0,3
3720,3/18/2015,0,3
3721,3/19/2015,0,3
3722,3/20/2015,0,3
3723,3/21/2015,0,3
3724,3/22/2015,0,3
3725,3/23/2015,0,3
3726,3/24/2015,0,3
3727,3/25/2015,0,3
3728,3/26/2015,0,3
3729,3/27/2015,0,3
3730,3/28/2015,0,3
3731,3/29/2015,0,3
3732,3/30/2015,0,3
3733,3/31/2015,0,3
3734,4/1/2015,0,4
3735,4/2/2015,0,4
3736,4/3/2015,0,4
3737,4/4/2015,0,4
3738,4/5/2015,0,4
3739,4/6/2015,0,4
3740,4/7/2015,0,4
3741,4/8/2015,0,4
3742,4/9/2015,0,4
3743,4/10/2015,0,4
3744,4/11/2015,0,4
3745,4/12/2015,0,4
3746,4/13/2015,0,4
3747,4/14/2015,0,4
3748,4/15/2015,0,4
3749,4/16/2015,0,4
3750,4/17/2015,0,4
3751,4/18/2015,0,4
3752,4/19/2015,0,4
3753,4/20/2015,0,4
3754,4/21/2015,0,4
3755,4/22/2015,0,4
3756,4/23/2015,0,4
3757,4/24/2015,0,4
3758,4/25/2015,0,4
3759,4/26/2015,0,4
3760,4/27/2015,0,4
3761,4/28/2015,0,4
3762,4/29/2015,0,4
3763,4/30/2015,1,4
3764,5/1/2015,0,5
3765,5/2/2015,0,5
3766,5/3/2015,0,5
3767,5/4/2015,0,5
3768,5/5/2015,0,5
3769,5/6/2015,0,5
3770,5/7/2015,0,5
3771,5/8/2015,0,5
3772,5/9/2015,0,5
3773,5/10/2015,0,5
3774,5/11/2015,0,5
3775,5/12/2015,0,5
3776,5/13/2015,0,5
3777,5/14/2015,0,5
3778,5/15/2015,0,5
3779,5/16/2015,0,5
3780,5/17/2015,0,5
3781,5/18/2015,0,5
3782,5/19/2015,0,5
3783,5/20/2015,0,5
3784,5/21/2015,0,5
3785,5/22/2015,0,5
3786,5/23/2015,0,5
3787,5/24/2015,0,5
3788,5/25/2015,0,5
3789,5/26/2015,0,5
3790,5/27/2015,0,5
3791,5/28/2015,0,5
3792,5/29/2015,1,5
3793,5/30/2015,0,5
3794,5/31/2015,0,5
3795,6/1/2015,0,6
3796,6/2/2015,0,6
3797,6/3/2015,0,6
3798,6/4/2015,0,6
3799,6/5/2015,0,6
3800,6/6/2015,0,6
3801,6/7/2015,1,6
3802,6/8/2015,0,6
3803,6/9/2015,0,6
3804,6/10/2015,0,6
3805,6/11/2015,0,6
3806,6/12/2015,0,6
3807,6/13/2015,0,6
3808,6/14/2015,1,6
3809,6/15/2015,0,6
3810,6/16/2015,0,6
3811,6/17/2015,0,6
3812,6/18/2015,1,6
3813,6/19/2015,0,6
3814,6/20/2015,1,6
3815,6/21/2015,0,6
3816,6/22/2015,0,6
3817,6/23/2015,0,6
3818,6/24/2015,0,6
3819,6/25/2015,0,6
3820,6/26/2015,0,6
3821,6/27/2015,0,6
3822,6/28/2015,1,6
3823,6/29/2015,0,6
3824,6/30/2015,0,6
3825,7/1/2015,0,7
3826,7/2/2015,5,7
3827,7/3/2015,0,7
3828,7/4/2015,0,7
3829,7/5/2015,0,7
3830,7/6/2015,0,7
3831,7/7/2015,0,7
3832,7/8/2015,0,7
3833,7/9/2015,0,7
3834,7/10/2015,0,7
3835,7/11/2015,0,7
3836,7/12/2015,0,7
3837,7/13/2015,0,7
3838,7/14/2015,0,7
3839,7/15/2015,0,7
3840,7/16/2015,0,7
3841,7/17/2015,0,7
3842,7/18/2015,0,7
3843,7/19/2015,0,7
3844,7/20/2015,0,7
3845,7/21/2015,0,7
3846,7/22/2015,0,7
3847,7/23/2015,0,7
3848,7/24/2015,0,7
3849,7/25/2015,0,7
3850,7/26/2015,0,7
3851,7/27/2015,0,7
3852,7/28/2015,0,7
3853,7/29/2015,0,7
3854,7/30/2015,0,7
3855,7/31/2015,0,7
3856,8/1/2015,0,8
3857,8/2/2015,0,8
3858,8/3/2015,0,8
3859,8/4/2015,0,8
3860,8/5/2015,0,8
3861,8/6/2015,0,8
3862,8/7/2015,0,8
3863,8/8/2015,0,8
3864,8/9/2015,0,8
3865,8/10/2015,0,8
3866,8/11/2015,0,8
3867,8/12/2015,0,8
3868,8/13/2015,0,8
3869,8/14/2015,0,8
3870,8/15/2015,0,8
3871,8/16/2015,0,8
3872,8/17/2015,0,8
3873,8/18/2015,0,8
3874,8/19/2015,0,8
3875,8/20/2015,0,8
3876,8/21/2015,0,8
3877,8/22/2015,0,8
3878,8/23/2015,0,8
3879,8/24/2015,0,8
3880,8/25/2015,0,8
3881,8/26/2015,0,8
3882,8/27/2015,0,8
3883,8/28/2015,0,8
3884,8/29/2015,1,8
3885,8/30/2015,0,8
3886,8/31/2015,0,8
3887,9/1/2015,0,9
3888,9/2/2015,0,9
3889,9/3/2015,0,9
3890,9/4/2015,0,9
3891,9/5/2015,0,9
3892,9/6/2015,1,9
3893,9/7/2015,0,9
3894,9/8/2015,0,9
3895,9/9/2015,0,9
3896,9/10/2015,0,9
3897,9/11/2015,0,9
3898,9/12/2015,0,9
3899,9/13/2015,0,9
3900,9/14/2015,0,9
3901,9/15/2015,0,9
3902,9/16/2015,0,9
3903,9/17/2015,0,9
3904,9/18/2015,0,9
3905,9/19/2015,0,9
3906,9/20/2015,0,9
3907,9/21/2015,0,9
3908,9/22/2015,0,9
3909,9/23/2015,0,9
3910,9/24/2015,0,9
3911,9/25/2015,0,9
3912,9/26/2015,0,9
3913,9/27/2015,0,9
3914,9/28/2015,0,9
3915,9/29/2015,0,9
3916,9/30/2015,0,9
3917,10/1/2015,0,10
3918,10/2/2015,0,10
3919,10/3/2015,0,10
3920,10/4/2015,0,10
3921,10/5/2015,0,10
3922,10/6/2015,0,10
3923,10/7/2015,0,10
3924,10/8/2015,0,10
3925,10/9/2015,0,10
3926,10/10/2015,0,10
3927,10/11/2015,0,10
3928,10/12/2015,0,10
3929,10/13/2015,0,10
3930,10/14/2015,0,10
3931,10/15/2015,0,10
3932,10/16/2015,0,10
3933,10/17/2015,0,10
3934,10/18/2015,0,10
3935,10/19/2015,0,10
3936,10/20/2015,0,10
3937,10/21/2015,0,10
3938,10/22/2015,0,10
3939,10/23/2015,0,10
3940,10/24/2015,0,10
3941,10/25/2015,0,10
3942,10/26/2015,0,10
3943,10/27/2015,0,10
3944,10/28/2015,0,10
3945,10/29/2015,0,10
3946,10/30/2015,0,10
3947,10/31/2015,0,10
3948,11/1/2015,0,11
3949,11/2/2015,0,11
3950,11/3/2015,0,11
3951,11/4/2015,0,11
3952,11/5/2015,0,11
3953,11/6/2015,0,11
3954,11/7/2015,0,11
3955,11/8/2015,0,11
3956,11/9/2015,0,11
3957,11/10/2015,0,11
3958,11/11/2015,0,11
3959,11/12/2015,0,11
3960,11/13/2015,0,11
3961,11/14/2015,0,11
3962,11/15/2015,0,11
3963,11/16/2015,0,11
3964,11/17/2015,0,11
3965,11/18/2015,0,11
3966,11/19/2015,0,11
3967,11/20/2015,2,11
3968,11/21/2015,0,11
3969,11/22/2015,0,11
3970,11/23/2015,0,11
3971,11/24/2015,0,11
3972,11/25/2015,0,11
3973,11/26/2015,0,11
3974,11/27/2015,0,11
3975,11/28/2015,0,11
3976,11/29/2015,0,11
3977,11/30/2015,0,11
3978,12/1/2015,0,12
3979,12/2/2015,0,12
3980,12/3/2015,0,12
3981,12/4/2015,0,12
3982,12/5/2015,0,12
3983,12/6/2015,0,12
3984,12/7/2015,0,12
3985,12/8/2015,0,12
3986,12/9/2015,0,12
3987,12/10/2015,0,12
3988,12/11/2015,0,12
3989,12/12/2015,0,12
3990,12/13/2015,0,12
3991,12/14/2015,2,12
3992,12/15/2015,0,12
3993,12/16/2015,0,12
3994,12/17/2015,0,12
3995,12/18/2015,0,12
3996,12/19/2015,0,12
3997,12/20/2015,0,12
3998,12/21/2015,0,12
3999,12/22/2015,0,12
4000,12/23/2015,0,12
4001,12/24/2015,1,12
4002,12/25/2015,0,12
4003,12/26/2015,0,12
4004,12/27/2015,0,12
4005,12/28/2015,0,12
4006,12/29/2015,0,12
4007,12/30/2015,0,12
4008,12/31/2015,0,12
4009,1/1/2016,0,1
4010,1/2/2016,0,1
4011,1/3/2016,0,1
4012,1/4/2016,0,1
4013,1/5/2016,0,1
4014,1/6/2016,0,1
4015,1/7/2016,0,1
4016,1/8/2016,0,1
4017,1/9/2016,0,1
4018,1/10/2016,0,1
4019,1/11/2016,0,1
4020,1/12/2016,0,1
4021,1/13/2016,0,1
4022,1/14/2016,0,1
4023,1/15/2016,0,1
4024,1/16/2016,0,1
4025,1/17/2016,0,1
4026,1/18/2016,0,1
4027,1/19/2016,0,1
4028,1/20/2016,0,1
4029,1/21/2016,0,1
4030,1/22/2016,0,1
4031,1/23/2016,0,1
4032,1/24/2016,0,1
4033,1/25/2016,0,1
4034,1/26/2016,0,1
4035,1/27/2016,0,1
4036,1/28/2016,0,1
4037,1/29/2016,0,1
4038,1/30/2016,0,1
4039,1/31/2016,0,1
4040,2/1/2016,0,2
4041,2/2/2016,0,2
4042,2/3/2016,0,2
4043,2/4/2016,0,2
4044,2/5/2016,0,2
4045,2/6/2016,0,2
4046,2/7/2016,0,2
4047,2/8/2016,0,2
4048,2/9/2016,0,2
4049,2/10/2016,0,2
4050,2/11/2016,0,2
4051,2/12/2016,0,2
4052,2/13/2016,0,2
4053,2/14/2016,0,2
4054,2/15/2016,0,2
4055,2/16/2016,0,2
4056,2/17/2016,0,2
4057,2/18/2016,0,2
4058,2/19/2016,0,2
4059,2/20/2016,0,2
4060,2/21/2016,0,2
4061,2/22/2016,0,2
4062,2/23/2016,0,2
4063,2/24/2016,0,2
4064,2/25/2016,0,2
4065,2/26/2016,0,2
4066,2/27/2016,0,2
4067,2/28/2016,0,2
4068,2/29/2016,0,2
4069,3/1/2016,0,3
4070,3/2/2016,0,3
4071,3/3/2016,0,3
4072,3/4/2016,0,3
4073,3/5/2016,0,3
4074,3/6/2016,0,3
4075,3/7/2016,0,3
4076,3/8/2016,0,3
4077,3/9/2016,0,3
4078,3/10/2016,0,3
4079,3/11/2016,0,3
4080,3/12/2016,0,3
4081,3/13/2016,0,3
4082,3/14/2016,0,3
4083,3/15/2016,0,3
4084,3/16/2016,1,3
4085,3/17/2016,0,3
4086,3/18/2016,0,3
4087,3/19/2016,0,3
4088,3/20/2016,0,3
4089,3/21/2016,0,3
4090,3/22/2016,0,3
4091,3/23/2016,0,3
4092,3/24/2016,0,3
4093,3/25/2016,0,3
4094,3/26/2016,0,3
4095,3/27/2016,0,3
4096,3/28/2016,0,3
4097,3/29/2016,0,3
4098,3/30/2016,0,3
4099,3/31/2016,0,3
4100,4/1/2016,0,4
4101,4/2/2016,0,4
4102,4/3/2016,0,4
4103,4/4/2016,0,4
4104,4/5/2016,0,4
4105,4/6/2016,0,4
4106,4/7/2016,0,4
4107,4/8/2016,0,4
4108,4/9/2016,0,4
4109,4/10/2016,0,4
4110,4/11/2016,0,4
4111,4/12/2016,0,4
4112,4/13/2016,0,4
4113,4/14/2016,0,4
4114,4/15/2016,0,4
4115,4/16/2016,0,4
4116,4/17/2016,0,4
4117,4/18/2016,0,4
4118,4/19/2016,0,4
4119,4/20/2016,0,4
4120,4/21/2016,0,4
4121,4/22/2016,0,4
4122,4/23/2016,0,4
4123,4/24/2016,0,4
4124,4/25/2016,0,4
4125,4/26/2016,0,4
4126,4/27/2016,0,4
4127,4/28/2016,0,4
4128,4/29/2016,0,4
4129,4/30/2016,0,4
4130,5/1/2016,0,5
4131,5/2/2016,0,5
4132,5/3/2016,0,5
4133,5/4/2016,0,5
4134,5/5/2016,0,5
4135,5/6/2016,0,5
4136,5/7/2016,0,5
4137,5/8/2016,0,5
4138,5/9/2016,0,5
4139,5/10/2016,0,5
4140,5/11/2016,0,5
4141,5/12/2016,0,5
4142,5/13/2016,0,5
4143,5/14/2016,0,5
4144,5/15/2016,0,5
4145,5/16/2016,0,5
4146,5/17/2016,0,5
4147,5/18/2016,0,5
4148,5/19/2016,0,5
4149,5/20/2016,0,5
4150,5/21/2016,0,5
4151,5/22/2016,0,5
4152,5/23/2016,0,5
4153,5/24/2016,0,5
4154,5/25/2016,0,5
4155,5/26/2016,0,5
4156,5/27/2016,0,5
4157,5/28/2016,0,5
4158,5/29/2016,0,5
4159,5/30/2016,0,5
4160,5/31/2016,0,5
4161,6/1/2016,0,6
4162,6/2/2016,0,6
4163,6/3/2016,0,6
4164,6/4/2016,0,6
4165,6/5/2016,0,6
4166,6/6/2016,0,6
4167,6/7/2016,0,6
4168,6/8/2016,0,6
4169,6/9/2016,0,6
4170,6/10/2016,0,6
4171,6/11/2016,0,6
4172,6/12/2016,0,6
4173,6/13/2016,0,6
4174,6/14/2016,0,6
4175,6/15/2016,0,6
4176,6/16/2016,0,6
4177,6/17/2016,0,6
4178,6/18/2016,0,6
4179,6/19/2016,0,6
4180,6/20/2016,0,6
4181,6/21/2016,0,6
4182,6/22/2016,0,6
4183,6/23/2016,0,6
4184,6/24/2016,0,6
4185,6/25/2016,0,6
4186,6/26/2016,0,6
4187,6/27/2016,0,6
4188,6/28/2016,0,6
4189,6/29/2016,0,6
4190,6/30/2016,0,6
4191,7/1/2016,0,7
4192,7/2/2016,0,7
4193,7/3/2016,0,7
4194,7/4/2016,1,7
4195,7/5/2016,0,7
4196,7/6/2016,0,7
4197,7/7/2016,0,7
4198,7/8/2016,0,7
4199,7/9/2016,0,7
4200,7/10/2016,0,7
4201,7/11/2016,0,7
4202,7/12/2016,0,7
4203,7/13/2016,0,7
4204,7/14/2016,0,7
4205,7/15/2016,0,7
4206,7/16/2016,0,7
4207,7/17/2016,0,7
4208,7/18/2016,0,7
4209,7/19/2016,0,7
4210,7/20/2016,1,7
4211,7/21/2016,0,7
4212,7/22/2016,0,7
4213,7/23/2016,0,7
4214,7/24/2016,0,7
4215,7/25/2016,0,7
4216,7/26/2016,0,7
4217,7/27/2016,0,7
4218,7/28/2016,0,7
4219,7/29/2016,0,7
4220,7/30/2016,1,7
4221,7/31/2016,0,7
4222,8/1/2016,0,8
4223,8/2/2016,0,8
4224,8/3/2016,0,8
4225,8/4/2016,0,8
4226,8/5/2016,0,8
4227,8/6/2016,0,8
4228,8/7/2016,0,8
4229,8/8/2016,1,8
4230,8/9/2016,0,8
4231,8/10/2016,0,8
4232,8/11/2016,0,8
4233,8/12/2016,0,8
4234,8/13/2016,0,8
4235,8/14/2016,0,8
4236,8/15/2016,0,8
4237,8/16/2016,0,8
4238,8/17/2016,0,8
4239,8/18/2016,0,8
4240,8/19/2016,0,8
4241,8/20/2016,0,8
4242,8/21/2016,1,8
4243,8/22/2016,0,8
4244,8/23/2016,0,8
4245,8/24/2016,0,8
4246,8/25/2016,0,8
4247,8/26/2016,0,8
4248,8/27/2016,0,8
4249,8/28/2016,0,8
4250,8/29/2016,0,8
4251,8/30/2016,0,8
4252,8/31/2016,0,8
4253,9/1/2016,0,9
4254,9/2/2016,0,9
4255,9/3/2016,0,9
4256,9/4/2016,0,9
4257,9/5/2016,0,9
4258,9/6/2016,0,9
4259,9/7/2016,0,9
4260,9/8/2016,0,9
4261,9/9/2016,0,9
4262,9/10/2016,0,9
4263,9/11/2016,0,9
4264,9/12/2016,0,9
4265,9/13/2016,1,9
4266,9/14/2016,0,9
4267,9/15/2016,1,9
4268,9/16/2016,0,9
4269,9/17/2016,0,9
4270,9/18/2016,0,9
4271,9/19/2016,0,9
4272,9/20/2016,0,9
4273,9/21/2016,0,9
4274,9/22/2016,0,9
4275,9/23/2016,0,9
4276,9/24/2016,7,9
4277,9/25/2016,0,9
4278,9/26/2016,0,9
4279,9/27/2016,0,9
4280,9/28/2016,0,9
4281,9/29/2016,2,9
4282,9/30/2016,0,9
4283,10/1/2016,0,10
4284,10/2/2016,0,10
4285,10/3/2016,0,10
4286,10/4/2016,0,10
4287,10/5/2016,0,10
4288,10/6/2016,0,10
4289,10/7/2016,0,10
4290,10/8/2016,0,10
4291,10/9/2016,0,10
4292,10/10/2016,0,10
4293,10/11/2016,0,10
4294,10/12/2016,0,10
4295,10/13/2016,0,10
4296,10/14/2016,1,10
4297,10/15/2016,0,10
4298,10/16/2016,0,10
4299,10/17/2016,0,10
4300,10/18/2016,0,10
4301,10/19/2016,0,10
4302,10/20/2016,1,10
4303,10/21/2016,0,10
4304,10/22/2016,0,10
4305,10/23/2016,0,10
4306,10/24/2016,0,10
4307,10/25/2016,0,10
4308,10/26/2016,0,10
4309,10/27/2016,0,10
4310,10/28/2016,0,10
4311,10/29/2016,0,10
4312,10/30/2016,0,10
4313,10/31/2016,0,10
4314,11/1/2016,0,11
4315,11/2/2016,0,11
4316,11/3/2016,0,11
4317,11/4/2016,0,11
4318,11/5/2016,0,11
4319,11/6/2016,0,11
4320,11/7/2016,0,11
4321,11/8/2016,0,11
4322,11/9/2016,0,11
4323,11/10/2016,0,11
4324,11/11/2016,0,11
4325,11/12/2016,1,11
4326,11/13/2016,0,11
4327,11/14/2016,0,11
4328,11/15/2016,0,11
4329,11/16/2016,0,11
4330,11/17/2016,0,11
4331,11/18/2016,0,11
4332,11/19/2016,0,11
4333,11/20/2016,0,11
4334,11/21/2016,1,11
4335,11/22/2016,0,11
4336,11/23/2016,0,11
4337,11/24/2016,0,11
4338,11/25/2016,1,11
4339,11/26/2016,0,11
4340,11/27/2016,0,11
4341,11/28/2016,1,11
4342,11/29/2016,0,11
4343,11/30/2016,0,11
4344,12/1/2016,0,12
4345,12/2/2016,0,12
4346,12/3/2016,0,12
4347,12/4/2016,0,12
4348,12/5/2016,0,12
4349,12/6/2016,0,12
4350,12/7/2016,0,12
4351,12/8/2016,0,12
4352,12/9/2016,0,12
4353,12/10/2016,1,12
4354,12/11/2016,1,12
4355,12/12/2016,0,12
4356,12/13/2016,0,12
4357,12/14/2016,1,12
4358,12/15/2016,0,12
4359,12/16/2016,0,12
4360,12/17/2016,0,12
4361,12/18/2016,0,12
4362,12/19/2016,0,12
4363,12/20/2016,0,12
4364,12/21/2016,0,12
4365,12/22/2016,0,12
4366,12/23/2016,0,12
4367,12/24/2016,0,12
4368,12/25/2016,1,12
4368 2016-12-25      1    12,,,
